Data,Vacinados
19/01/2021 11:16,3908
20/01/2021 14:14,17318
20/01/2021 15:11,18409
20/01/2021 15:19,18729
20/01/2021 15:24,18834
20/01/2021 15:36,19047
20/01/2021 15:59,19503
20/01/2021 16:10,19758
20/01/2021 16:23,20007
20/01/2021 16:23,20007
20/01/2021 16:23,20007
20/01/2021 16:31,20140
20/01/2021 16:31,20140
20/01/2021 16:50,20464
20/01/2021 16:53,20501
20/01/2021 17:00,20637
20/01/2021 17:00,20637
20/01/2021 17:00,20637
20/01/2021 17:00,20637
20/01/2021 17:18,20851
20/01/2021 17:18,20851
20/01/2021 17:18,20851
20/01/2021 17:18,20851
20/01/2021 17:36,21159
20/01/2021 17:36,21159
20/01/2021 17:50,21337
20/01/2021 17:50,21337
20/01/2021 17:50,21337
20/01/2021 17:50,21337
20/01/2021 17:50,21337
20/01/2021 17:50,21337
20/01/2021 17:50,21337
20/01/2021 18:22,21663
20/01/2021 18:22,21663
20/01/2021 18:31,21782
20/01/2021 18:31,21782
20/01/2021 18:45,21816
20/01/2021 18:50,21816
20/01/2021 18:57,21880
20/01/2021 19:03,21900
20/01/2021 19:05,21900
20/01/2021 19:13,21975
20/01/2021 19:17,21975
20/01/2021 19:17,21975
20/01/2021 19:25,22017
20/01/2021 19:31,22037
20/01/2021 19:37,22065
20/01/2021 19:37,22065
20/01/2021 19:46,22114
20/01/2021 19:52,22140
20/01/2021 19:52,22140
20/01/2021 20:00,22158
20/01/2021 20:07,22207
20/01/2021 20:07,22207
20/01/2021 20:16,22306
20/01/2021 20:23,22333
20/01/2021 20:23,22333
20/01/2021 20:30,0
20/01/2021 20:36,0
20/01/2021 20:42,22413
20/01/2021 20:45,22432
20/01/2021 20:50,22432
20/01/2021 20:57,22471
20/01/2021 20:57,22471
20/01/2021 21:05,22507
20/01/2021 18:05,22507
20/01/2021 21:12,22535
20/01/2021 21:33,22590
20/01/2021 21:33,22590
20/01/2021 21:40,22598
20/01/2021 21:47,22615
20/01/2021 21:54,22618
20/01/2021 21:54,22618
20/01/2021 22:01,22631
20/01/2021 22:15,22647
20/01/2021 22:15,22647
20/01/2021 22:15,22647
20/01/2021 22:29,22656
20/01/2021 22:36,22668
20/01/2021 22:43,22671
20/01/2021 22:43,22671
20/01/2021 22:50,22678
20/01/2021 22:50,22678
20/01/2021 22:50,22678
20/01/2021 23:04,22685
20/01/2021 23:04,22685
20/01/2021 23:11,22691
20/01/2021 23:11,22691
20/01/2021 23:25,22707
20/01/2021 23:25,22707
20/01/2021 23:32,22710
20/01/2021 23:32,22710
20/01/2021 23:39,22711
20/01/2021 23:46,22717
20/01/2021 23:46,22717
20/01/2021 23:46,22717
20/01/2021 23:46,22717
21/01/2021 00:07,22718
21/01/2021 00:14,22719
21/01/2021 00:14,22719
21/01/2021 00:21,22721
21/01/2021 00:28,22722
21/01/2021 00:35,22723
21/01/2021 00:35,22723
21/01/2021 00:42,22725
21/01/2021 00:49,22729
21/01/2021 00:56,22733
21/01/2021 00:56,22733
21/01/2021 01:03,22734
21/01/2021 01:03,22734
21/01/2021 01:17,22736
21/01/2021 01:17,22736
21/01/2021 01:17,22736
21/01/2021 01:31,22738
21/01/2021 01:31,22738
21/01/2021 01:45,22740
21/01/2021 01:45,22740
21/01/2021 01:45,22740
21/01/2021 01:45,22740
21/01/2021 01:45,22740
21/01/2021 02:06,22742
21/01/2021 02:06,22742
21/01/2021 02:06,22742
21/01/2021 02:20,22744
21/01/2021 02:27,22747
21/01/2021 02:34,22749
21/01/2021 02:34,22749
21/01/2021 02:41,22753
21/01/2021 02:48,22758
21/01/2021 02:48,22758
21/01/2021 02:48,22758
21/01/2021 03:02,22769
21/01/2021 03:02,22769
21/01/2021 03:02,22769
21/01/2021 03:16,22775
21/01/2021 03:23,22778
21/01/2021 03:30,22780
21/01/2021 03:30,22780
21/01/2021 03:37,22782
21/01/2021 03:44,22783
21/01/2021 03:44,22783
21/01/2021 03:44,22783
21/01/2021 03:51,22787
21/01/2021 04:01,22794
21/01/2021 04:01,22794
21/01/2021 04:01,22794
21/01/2021 04:19,22800
21/01/2021 04:26,22802
21/01/2021 04:26,22802
21/01/2021 04:26,22802
21/01/2021 04:40,22803
21/01/2021 04:40,22803
21/01/2021 04:40,22803
21/01/2021 04:40,22803
21/01/2021 05:01,22804
21/01/2021 05:01,22804
21/01/2021 05:08,22805
21/01/2021 05:08,22805
21/01/2021 05:08,22805
21/01/2021 05:08,22805
21/01/2021 05:08,22805
21/01/2021 05:08,22805
21/01/2021 05:36,22806
21/01/2021 05:43,22808
21/01/2021 05:43,22808
21/01/2021 05:50,22810
21/01/2021 05:57,22812
21/01/2021 05:57,22812
21/01/2021 06:04,22814
21/01/2021 06:11,22824
21/01/2021 06:11,22824
21/01/2021 06:18,22828
21/01/2021 06:18,22828
21/01/2021 06:32,22837
21/01/2021 06:39,22843
21/01/2021 06:46,22856
21/01/2021 06:46,22856
21/01/2021 06:53,22861
21/01/2021 07:00,22874
21/01/2021 07:00,22874
21/01/2021 07:07,22889
21/01/2021 07:14,22957
21/01/2021 07:21,23210
21/01/2021 07:28,23335
21/01/2021 07:35,23499
21/01/2021 07:35,23499
21/01/2021 07:42,23574
21/01/2021 07:42,23574
21/01/2021 07:49,23632
21/01/2021 07:56,23806
21/01/2021 07:56,23806
21/01/2021 08:10,24086
21/01/2021 08:17,24203
21/01/2021 08:17,24203
21/01/2021 08:24,24280
21/01/2021 08:31,24496
21/01/2021 08:31,24496
21/01/2021 08:38,24593
21/01/2021 08:46,24812
21/01/2021 08:46,24812
21/01/2021 08:52,24914
21/01/2021 11:54,30777
21/01/2021 11:54,30777
21/01/2021 12:01,31447
21/01/2021 12:08,31474
21/01/2021 12:08,31474
21/01/2021 12:15,32009
21/01/2021 12:22,32248
21/01/2021 12:22,32248
21/01/2021 12:29,32475
21/01/2021 12:29,32475
21/01/2021 12:29,32475
21/01/2021 12:50,33372
21/01/2021 12:57,33480
21/01/2021 12:57,33480
21/01/2021 14:56,38856
21/01/2021 14:56,38856
21/01/2021 15:03,39197
21/01/2021 15:10,39808
21/01/2021 15:10,39808
21/01/2021 15:17,39973
21/01/2021 15:24,40449
21/01/2021 15:31,41141
21/01/2021 15:31,41141
21/01/2021 15:38,41430
21/01/2021 15:38,41430
21/01/2021 15:52,42494
21/01/2021 15:52,42494
21/01/2021 15:59,42910
21/01/2021 16:06,43251
21/01/2021 16:06,43251
21/01/2021 16:13,43888
21/01/2021 16:20,44543
21/01/2021 16:20,44543
21/01/2021 16:34,44938
21/01/2021 16:34,44938
21/01/2021 16:34,44938
21/01/2021 16:47,46239
21/01/2021 16:55,46682
21/01/2021 16:55,46682
21/01/2021 16:55,46682
21/01/2021 17:09,47214
21/01/2021 17:09,47214
21/01/2021 17:16,47630
21/01/2021 17:23,47849
21/01/2021 17:23,47849
21/01/2021 17:30,48203
21/01/2021 17:37,48535
21/01/2021 17:37,48535
21/01/2021 17:44,48707
21/01/2021 17:51,49172
21/01/2021 17:58,49346
21/01/2021 17:58,49346
21/01/2021 18:05,49614
21/01/2021 18:12,49968
21/01/2021 18:19,50175
21/01/2021 18:26,50557
21/01/2021 18:33,50661
21/01/2021 18:33,50661
21/01/2021 18:33,50661
21/01/2021 18:33,50661
21/01/2021 18:54,51442
21/01/2021 18:54,51442
21/01/2021 19:01,51819
21/01/2021 19:08,51931
21/01/2021 19:08,51931
21/01/2021 19:08,51931
21/01/2021 19:22,52470
21/01/2021 19:22,52470
21/01/2021 19:29,52594
21/01/2021 19:36,52925
21/01/2021 19:36,52925
21/01/2021 19:43,52973
21/01/2021 19:50,53310
21/01/2021 19:50,53310
21/01/2021 19:57,53414
21/01/2021 23:06,55030
21/01/2021 23:13,55037
21/01/2021 23:20,55045
21/01/2021 23:27,55054
21/01/2021 23:34,55060
21/01/2021 23:34,55060
21/01/2021 23:34,55060
21/01/2021 23:41,55069
21/01/2021 23:55,55080
21/01/2021 23:55,55080
21/01/2021 23:55,55080
22/01/2021 00:09,55091
22/01/2021 00:16,55099
22/01/2021 00:16,55099
22/01/2021 00:23,55104
22/01/2021 00:30,55120
22/01/2021 00:30,55120
22/01/2021 00:37,55129
22/01/2021 00:44,55134
22/01/2021 00:44,55134
22/01/2021 00:51,55147
22/01/2021 00:58,55153
22/01/2021 00:58,55153
22/01/2021 01:05,55158
22/01/2021 01:12,55164
22/01/2021 01:12,55164
22/01/2021 01:26,55175
22/01/2021 01:26,55175
22/01/2021 01:33,55179
22/01/2021 01:40,55190
22/01/2021 01:47,55195
22/01/2021 01:47,55195
22/01/2021 01:54,55199
22/01/2021 01:54,55199
22/01/2021 02:01,55206
22/01/2021 02:01,55206
22/01/2021 02:12,55213
22/01/2021 02:12,55213
22/01/2021 02:22,55218
22/01/2021 02:22,55218
22/01/2021 02:22,55218
22/01/2021 02:37,110456
22/01/2021 02:37,110456
22/01/2021 02:37,110456
22/01/2021 02:37,110456
22/01/2021 02:37,110456
22/01/2021 02:37,110456
22/01/2021 02:37,110456
22/01/2021 02:37,110456
22/01/2021 02:37,110456
22/01/2021 02:37,110456
22/01/2021 02:37,110456
22/01/2021 02:37,110456
22/01/2021 02:37,110456
22/01/2021 02:37,110456
22/01/2021 02:37,110456
22/01/2021 02:37,110456
22/01/2021 02:37,110456
22/01/2021 02:37,110456
22/01/2021 02:37,110456
22/01/2021 02:37,110456
22/01/2021 02:37,110456
22/01/2021 02:37,110456
22/01/2021 02:37,110456
22/01/2021 02:37,110456
22/01/2021 02:37,110456
22/01/2021 02:37,110456
22/01/2021 02:37,110456
22/01/2021 02:37,110456
22/01/2021 02:37,110456
22/01/2021 02:37,110456
22/01/2021 02:37,110456
22/01/2021 02:37,110456
22/01/2021 02:37,110456
22/01/2021 02:37,110456
22/01/2021 02:37,110456
22/01/2021 02:37,110456
22/01/2021 02:37,110456
22/01/2021 02:37,110456
22/01/2021 02:37,110456
22/01/2021 02:37,110456
22/01/2021 02:37,110456
22/01/2021 02:37,110456
22/01/2021 02:37,110456
22/01/2021 02:37,110456
22/01/2021 02:37,110456
22/01/2021 02:37,110456
22/01/2021 02:37,110456
22/01/2021 02:37,110456
22/01/2021 02:37,110456
22/01/2021 02:37,110456
22/01/2021 02:37,110456
22/01/2021 02:37,110456
22/01/2021 02:37,110456
22/01/2021 02:37,110456
22/01/2021 02:37,110456
22/01/2021 02:37,110456
22/01/2021 02:37,110456
22/01/2021 02:37,110456
22/01/2021 02:37,110456
22/01/2021 02:37,110456
22/01/2021 02:37,110456
22/01/2021 02:37,110456
22/01/2021 07:55,56658
22/01/2021 07:55,56658
22/01/2021 08:05,56748
22/01/2021 08:05,56748
22/01/2021 08:12,56919
22/01/2021 08:12,56919
22/01/2021 08:19,57013
22/01/2021 08:26,57245
22/01/2021 08:33,57268
22/01/2021 08:33,57268
22/01/2021 08:40,57329
22/01/2021 08:47,57356
22/01/2021 08:54,57376
22/01/2021 08:54,57376
22/01/2021 09:08,57483
22/01/2021 09:08,57483
22/01/2021 09:08,57483
22/01/2021 09:15,57866
22/01/2021 09:15,57866
22/01/2021 09:29,58583
22/01/2021 09:29,58583
22/01/2021 09:36,59343
22/01/2021 09:43,59718
22/01/2021 09:43,59718
22/01/2021 09:43,59718
22/01/2021 09:43,59718
22/01/2021 10:02,61169
22/01/2021 10:02,61169
22/01/2021 10:11,62219
22/01/2021 10:18,62557
22/01/2021 10:25,63331
22/01/2021 10:32,63662
22/01/2021 10:32,63662
22/01/2021 10:39,64172
22/01/2021 10:46,65071
22/01/2021 10:46,65071
22/01/2021 10:53,65544
22/01/2021 10:53,65544
22/01/2021 11:07,66852
22/01/2021 11:07,66852
22/01/2021 11:14,67260
22/01/2021 11:14,67260
22/01/2021 12:45,74501
22/01/2021 12:52,74789
22/01/2021 12:59,75108
22/01/2021 12:59,75108
22/01/2021 12:59,75108
22/01/2021 12:59,75108
22/01/2021 13:13,75482
22/01/2021 13:20,75604
22/01/2021 13:27,75857
22/01/2021 13:27,75857
22/01/2021 13:40,76028
22/01/2021 13:40,76028
22/01/2021 13:40,76028
22/01/2021 13:55,76257
22/01/2021 13:55,76257
22/01/2021 14:02,76566
22/01/2021 14:02,76566
22/01/2021 14:13,77868
22/01/2021 14:16,77967
22/01/2021 14:23,78510
22/01/2021 14:23,78510
22/01/2021 14:30,79137
22/01/2021 14:37,80043
22/01/2021 14:44,80599
22/01/2021 14:44,80599
22/01/2021 14:58,82535
22/01/2021 14:58,82535
22/01/2021 14:58,82535
22/01/2021 15:12,83648
22/01/2021 15:19,84250
22/01/2021 15:19,84250
22/01/2021 15:26,85611
22/01/2021 15:33,86267
22/01/2021 15:40,87509
22/01/2021 15:40,87509
22/01/2021 15:47,88115
22/01/2021 15:54,88156
22/01/2021 15:54,88156
22/01/2021 16:01,89495
22/01/2021 16:01,89495
22/01/2021 16:08,90070
22/01/2021 16:15,91108
22/01/2021 16:22,91510
22/01/2021 16:29,91917
22/01/2021 16:29,91917
22/01/2021 16:29,91917
22/01/2021 16:29,91917
22/01/2021 16:29,91917
22/01/2021 16:50,93923
22/01/2021 16:57,94409
22/01/2021 17:04,94941
22/01/2021 17:04,94941
22/01/2021 17:04,94941
22/01/2021 17:04,94941
22/01/2021 17:04,94941
22/01/2021 17:30,387988
22/01/2021 17:35,22618
22/01/2021 17:39,94941
22/01/2021 17:46,97345
22/01/2021 17:46,97345
22/01/2021 17:53,97345
22/01/2021 17:53,97345
22/01/2021 07:53,56557
22/01/2021 18:08,99317
22/01/2021 18:12,99444
22/01/2021 18:19,100306
22/01/2021 18:19,100306
22/01/2021 18:29,100875
22/01/2021 18:29,100875
22/01/2021 18:39,101403
22/01/2021 18:39,101403
22/01/2021 18:50,101962
22/01/2021 18:54,102120
22/01/2021 18:59,102432
22/01/2021 19:04,102736
22/01/2021 19:04,102736
22/01/2021 19:11,102982
22/01/2021 19:17,103362
22/01/2021 19:17,103362
22/01/2021 19:17,103362
22/01/2021 19:34,104090
22/01/2021 19:39,104265
22/01/2021 21:09,106487
22/01/2021 21:09,106487
22/01/2021 21:34,427372
22/01/2021 21:34,427372
22/01/2021 21:34,427372
22/01/2021 21:34,427372
22/01/2021 21:34,427372
22/01/2021 21:34,427372
22/01/2021 21:34,427372
22/01/2021 21:34,427372
22/01/2021 21:34,427372
22/01/2021 22:16,107102
22/01/2021 22:16,107102
22/01/2021 22:16,107102
22/01/2021 22:16,107102
22/01/2021 22:16,107102
22/01/2021 22:16,107102
22/01/2021 22:16,107102
22/01/2021 22:16,107102
22/01/2021 22:16,107102
22/01/2021 22:16,107102
22/01/2021 22:16,107102
22/01/2021 22:16,107102
22/01/2021 22:16,107102
22/01/2021 22:16,107102
22/01/2021 22:16,107102
22/01/2021 22:16,107102
22/01/2021 22:16,107102
22/01/2021 22:16,107102
22/01/2021 22:16,107102
22/01/2021 22:16,107102
22/01/2021 23:55,107399
22/01/2021 23:55,107399
22/01/2021 23:55,107399
22/01/2021 23:55,107399
22/01/2021 23:55,107399
22/01/2021 23:55,107399
22/01/2021 23:55,107399
22/01/2021 23:55,107399
22/01/2021 23:55,107399
22/01/2021 23:55,107399
22/01/2021 23:55,107399
22/01/2021 23:55,107399
22/01/2021 23:55,107399
22/01/2021 23:55,107399
22/01/2021 23:55,107399
22/01/2021 23:55,107399
22/01/2021 23:55,107399
22/01/2021 23:55,107399
22/01/2021 23:55,107399
22/01/2021 23:55,107399
22/01/2021 23:55,107399
22/01/2021 23:55,107399
22/01/2021 23:55,107399
22/01/2021 23:55,107399
22/01/2021 23:55,107399
22/01/2021 23:55,107399
22/01/2021 23:55,107399
22/01/2021 23:55,107399
22/01/2021 23:55,107399
22/01/2021 23:55,107399
22/01/2021 23:55,107399
22/01/2021 23:55,107399
22/01/2021 23:55,107399
22/01/2021 23:55,107399
22/01/2021 23:55,107399
22/01/2021 23:55,107399
22/01/2021 23:55,107399
22/01/2021 23:55,107399
22/01/2021 23:55,107399
22/01/2021 23:55,107399
22/01/2021 23:55,107399
22/01/2021 23:55,107399
22/01/2021 23:55,107399
22/01/2021 23:55,107399
22/01/2021 23:55,107399
22/01/2021 23:55,107399
22/01/2021 23:55,107399
22/01/2021 23:55,107399
22/01/2021 23:55,107399
22/01/2021 23:55,107399
22/01/2021 23:55,107399
22/01/2021 23:55,107399
22/01/2021 23:55,107399
22/01/2021 23:55,107399
22/01/2021 23:55,107399
22/01/2021 23:55,107399
22/01/2021 23:55,107399
22/01/2021 23:55,107399
22/01/2021 23:55,107399
22/01/2021 23:55,107399
22/01/2021 23:55,107399
22/01/2021 23:55,107399
22/01/2021 23:55,107399
22/01/2021 23:55,107399
22/01/2021 23:55,107399
22/01/2021 23:55,107399
22/01/2021 23:55,107399
22/01/2021 23:55,107399
22/01/2021 23:55,107399
22/01/2021 23:55,107399
22/01/2021 23:55,107399
22/01/2021 23:55,107399
22/01/2021 23:55,107399
22/01/2021 23:55,107399
22/01/2021 23:55,107399
22/01/2021 23:55,107399
22/01/2021 23:55,107399
22/01/2021 23:55,107399
22/01/2021 23:55,107399
22/01/2021 23:55,107399
22/01/2021 23:55,107399
22/01/2021 23:55,107399
22/01/2021 23:55,107399
22/01/2021 23:55,107399
22/01/2021 23:55,107399
22/01/2021 23:55,107399
22/01/2021 23:55,107399
22/01/2021 23:55,107399
23/01/2021 07:25,107890
23/01/2021 07:30,107938
23/01/2021 07:30,107938
23/01/2021 07:35,108010
23/01/2021 07:40,108075
23/01/2021 07:40,108075
23/01/2021 07:50,108241
23/01/2021 07:55,108304
23/01/2021 08:05,108476
23/01/2021 08:10,108562
23/01/2021 08:10,108562
23/01/2021 08:20,108778
23/01/2021 08:20,108778
23/01/2021 08:30,109022
23/01/2021 08:30,109022
23/01/2021 08:40,109242
23/01/2021 08:40,109242
23/01/2021 08:50,109624
23/01/2021 08:50,109624
23/01/2021 08:55,109832
23/01/2021 09:05,110171
23/01/2021 09:10,110338
23/01/2021 09:15,110564
23/01/2021 09:15,110564
23/01/2021 09:25,110789
23/01/2021 09:30,111138
23/01/2021 09:35,111344
23/01/2021 09:35,111344
23/01/2021 09:40,111575
23/01/2021 09:50,112018
23/01/2021 09:55,112212
23/01/2021 09:55,112212
23/01/2021 10:05,112659
23/01/2021 10:10,112839
23/01/2021 10:15,112999
23/01/2021 10:15,112999
23/01/2021 10:25,113473
23/01/2021 10:30,113681
23/01/2021 10:35,113873
23/01/2021 10:35,113873
23/01/2021 10:40,114064
23/01/2021 10:50,114410
23/01/2021 10:55,114620
23/01/2021 11:05,114964
23/01/2021 11:10,115063
23/01/2021 11:15,115314
23/01/2021 11:15,115314
23/01/2021 11:25,115682
23/01/2021 11:30,115837
23/01/2021 11:35,115865
23/01/2021 11:35,115865
23/01/2021 11:40,116134
23/01/2021 11:50,116409
23/01/2021 11:55,116548
23/01/2021 11:55,116548
23/01/2021 12:05,116826
23/01/2021 12:10,116952
23/01/2021 12:15,117103
23/01/2021 12:15,117103
23/01/2021 12:25,117335
23/01/2021 12:30,117390
23/01/2021 12:35,117524
23/01/2021 12:35,117524
23/01/2021 12:40,117658
23/01/2021 12:50,117823
23/01/2021 12:50,117823
23/01/2021 12:50,117823
23/01/2021 13:05,118068
23/01/2021 13:10,118139
23/01/2021 13:15,118200
23/01/2021 13:20,118312
23/01/2021 13:25,118369
23/01/2021 13:30,118446
23/01/2021 13:30,118446
23/01/2021 13:30,118446
23/01/2021 13:40,118627
23/01/2021 13:50,118768
23/01/2021 13:50,118768
23/01/2021 14:00,118875
23/01/2021 14:05,118968
23/01/2021 14:10,119104
23/01/2021 14:15,119175
23/01/2021 14:15,119175
23/01/2021 14:25,119314
23/01/2021 14:30,119367
23/01/2021 14:35,119453
23/01/2021 14:40,119527
23/01/2021 14:40,119527
23/01/2021 14:50,119687
23/01/2021 14:55,119776
23/01/2021 15:05,119916
23/01/2021 15:05,119916
23/01/2021 15:10,119966
23/01/2021 15:15,120070
23/01/2021 15:20,120144
23/01/2021 15:20,120144
23/01/2021 15:30,120252
23/01/2021 15:35,120374
23/01/2021 15:40,120451
23/01/2021 15:40,120451
23/01/2021 15:50,120642
23/01/2021 15:55,120713
23/01/2021 16:05,120893
23/01/2021 16:05,120893
23/01/2021 16:10,120970
23/01/2021 16:20,121135
23/01/2021 16:20,121135
23/01/2021 16:25,121225
23/01/2021 16:30,121276
23/01/2021 16:30,121276
23/01/2021 16:40,121466
23/01/2021 16:50,121615
23/01/2021 16:50,121615
23/01/2021 16:55,121715
23/01/2021 17:05,121863
23/01/2021 17:05,121863
23/01/2021 17:10,121959
23/01/2021 17:15,122003
23/01/2021 17:20,122091
23/01/2021 17:20,122091
23/01/2021 17:30,122206
23/01/2021 17:35,122260
23/01/2021 17:40,122319
23/01/2021 17:45,122376
23/01/2021 17:50,122430
23/01/2021 17:55,122480
23/01/2021 18:05,122614
23/01/2021 18:05,122614
23/01/2021 18:10,122665
23/01/2021 18:15,122703
23/01/2021 18:25,122838
23/01/2021 18:25,122838
23/01/2021 18:30,122892
23/01/2021 18:40,123025
23/01/2021 18:40,123025
23/01/2021 18:50,123100
23/01/2021 18:55,123219
23/01/2021 19:05,123350
23/01/2021 19:05,123350
23/01/2021 19:10,123372
23/01/2021 19:15,123437
23/01/2021 19:25,123559
23/01/2021 19:25,123559
23/01/2021 19:30,123623
23/01/2021 19:35,123634
23/01/2021 19:40,123726
23/01/2021 19:40,123726
23/01/2021 19:50,123813
23/01/2021 19:55,123850
23/01/2021 20:05,123925
23/01/2021 20:05,123925
23/01/2021 20:10,123956
23/01/2021 20:15,124002
23/01/2021 20:25,124049
23/01/2021 20:25,124049
23/01/2021 20:30,124067
23/01/2021 20:35,124096
23/01/2021 20:40,124128
23/01/2021 20:40,124128
23/01/2021 20:50,124179
23/01/2021 20:55,124200
23/01/2021 21:05,124233
23/01/2021 21:05,124233
23/01/2021 21:10,124251
23/01/2021 21:10,124251
23/01/2021 21:20,124287
23/01/2021 21:20,124287
23/01/2021 21:30,124325
23/01/2021 21:35,124335
23/01/2021 21:40,124344
23/01/2021 21:40,124344
23/01/2021 21:50,124361
23/01/2021 21:55,124369
23/01/2021 22:05,124392
23/01/2021 22:05,124392
23/01/2021 22:10,124400
23/01/2021 22:15,124404
23/01/2021 22:25,124417
23/01/2021 22:25,124417
23/01/2021 22:30,124422
23/01/2021 22:35,124426
23/01/2021 22:40,124431
23/01/2021 22:40,124431
23/01/2021 22:50,124438
23/01/2021 22:55,124441
23/01/2021 23:05,124450
23/01/2021 23:05,124450
23/01/2021 23:15,124456
23/01/2021 23:25,124465
23/01/2021 23:25,124465
23/01/2021 23:30,124469
23/01/2021 23:35,124471
23/01/2021 23:40,124478
23/01/2021 23:40,124478
23/01/2021 23:50,124483
23/01/2021 23:50,124483
24/01/2021 00:05,124496
24/01/2021 00:05,124496
24/01/2021 00:10,124501
24/01/2021 00:15,124502
24/01/2021 00:25,124511
24/01/2021 00:25,124511
24/01/2021 00:30,124514
24/01/2021 00:35,124516
24/01/2021 00:40,124518
24/01/2021 00:40,124518
24/01/2021 00:50,124523
24/01/2021 00:55,124525
24/01/2021 01:00,124528
24/01/2021 01:00,124528
24/01/2021 01:10,124532
24/01/2021 01:15,124534
24/01/2021 01:25,124543
24/01/2021 01:25,124543
24/01/2021 01:30,124547
24/01/2021 01:35,124551
24/01/2021 01:40,124555
24/01/2021 01:40,124555
24/01/2021 01:50,124560
24/01/2021 01:50,124560
24/01/2021 02:05,124566
24/01/2021 02:05,124566
24/01/2021 02:10,124568
24/01/2021 02:15,124570
24/01/2021 02:20,124571
24/01/2021 02:20,124571
24/01/2021 02:30,124574
24/01/2021 02:40,124578
24/01/2021 02:40,124578
24/01/2021 02:40,124578
24/01/2021 02:50,124582
24/01/2021 02:55,124584
24/01/2021 03:05,124588
24/01/2021 03:05,124588
24/01/2021 03:10,124595
24/01/2021 03:15,124598
24/01/2021 03:20,124602
24/01/2021 03:20,124602
24/01/2021 03:25,124604
24/01/2021 03:35,124605
24/01/2021 03:40,124606
24/01/2021 03:40,124606
24/01/2021 03:50,124608
24/01/2021 03:55,124610
24/01/2021 04:05,124613
24/01/2021 04:05,124613
24/01/2021 04:10,124615
24/01/2021 04:10,124615
24/01/2021 04:20,124617
24/01/2021 04:20,124617
24/01/2021 04:30,124620
24/01/2021 04:35,124622
24/01/2021 04:40,124623
24/01/2021 04:40,124623
24/01/2021 04:50,124629
24/01/2021 04:55,124632
24/01/2021 05:00,124635
24/01/2021 05:00,124635
24/01/2021 05:10,124641
24/01/2021 05:15,124643
24/01/2021 05:15,124643
24/01/2021 05:15,124643
24/01/2021 05:25,124646
24/01/2021 05:35,124650
24/01/2021 05:40,124651
24/01/2021 05:50,124660
24/01/2021 05:55,124662
24/01/2021 06:00,124665
24/01/2021 06:00,124665
24/01/2021 06:10,124673
24/01/2021 06:15,124679
24/01/2021 06:25,124684
24/01/2021 06:25,124684
24/01/2021 06:30,124691
24/01/2021 06:40,124697
24/01/2021 06:40,124697
24/01/2021 06:40,124697
24/01/2021 06:50,124705
24/01/2021 06:55,124707
24/01/2021 07:05,124712
24/01/2021 07:05,124712
24/01/2021 07:10,124715
24/01/2021 07:15,124720
24/01/2021 07:20,124724
24/01/2021 07:30,124756
24/01/2021 07:30,124756
24/01/2021 07:35,124773
24/01/2021 07:45,124822
24/01/2021 07:50,124859
24/01/2021 07:50,124859
24/01/2021 07:55,124894
24/01/2021 08:05,124946
24/01/2021 08:10,124968
24/01/2021 08:15,124990
24/01/2021 08:15,124990
24/01/2021 08:20,125011
24/01/2021 08:30,125073
24/01/2021 08:35,125101
24/01/2021 08:35,125101
24/01/2021 08:40,125137
24/01/2021 08:50,125203
24/01/2021 08:55,125274
24/01/2021 09:00,125326
24/01/2021 09:05,125373
24/01/2021 09:10,125420
24/01/2021 09:15,125476
24/01/2021 09:15,125476
24/01/2021 09:25,125580
24/01/2021 09:30,125633
24/01/2021 09:35,125681
24/01/2021 09:35,125681
24/01/2021 09:40,125731
24/01/2021 09:50,125838
24/01/2021 09:55,125887
24/01/2021 09:55,125887
24/01/2021 10:05,125972
24/01/2021 10:10,126025
24/01/2021 10:15,126075
24/01/2021 10:15,126075
24/01/2021 10:20,126121
24/01/2021 13:10,127630
24/01/2021 13:15,127670
24/01/2021 13:20,127712
24/01/2021 13:20,127712
24/01/2021 13:25,127750
24/01/2021 13:35,127814
24/01/2021 13:40,127881
24/01/2021 13:40,127881
24/01/2021 13:50,127947
24/01/2021 13:55,127988
24/01/2021 14:05,128074
24/01/2021 14:05,128074
24/01/2021 14:10,128090
24/01/2021 14:15,128170
24/01/2021 14:15,128170
24/01/2021 14:15,128170
24/01/2021 14:25,128274
24/01/2021 14:35,128339
24/01/2021 14:35,128339
24/01/2021 14:35,128339
24/01/2021 14:50,128451
24/01/2021 14:55,128514
24/01/2021 15:05,128604
24/01/2021 15:05,128604
24/01/2021 15:10,128662
24/01/2021 15:15,128694
24/01/2021 15:25,128796
24/01/2021 15:25,128796
24/01/2021 15:30,128807
24/01/2021 15:35,128869
24/01/2021 15:40,128931
24/01/2021 15:40,128931
24/01/2021 15:45,128990
24/01/2021 15:55,129080
24/01/2021 16:05,129144
24/01/2021 16:05,129144
24/01/2021 16:10,129207
24/01/2021 16:20,129288
24/01/2021 16:25,129331
24/01/2021 16:25,129331
24/01/2021 16:30,129350
24/01/2021 16:35,129374
24/01/2021 16:40,129402
24/01/2021 16:40,129402
24/01/2021 16:50,129453
24/01/2021 16:55,129477
24/01/2021 17:05,129550
24/01/2021 17:05,129550
24/01/2021 17:10,129594
24/01/2021 17:15,129619
24/01/2021 17:25,129717
24/01/2021 17:25,129717
24/01/2021 17:30,129760
24/01/2021 17:35,129796
24/01/2021 17:40,129842
24/01/2021 17:40,129842
24/01/2021 17:55,129923
24/01/2021 18:00,129993
24/01/2021 18:05,130040
24/01/2021 18:05,130040
24/01/2021 18:10,130079
24/01/2021 18:15,130133
24/01/2021 18:25,130197
24/01/2021 18:25,130197
24/01/2021 18:30,130222
24/01/2021 18:35,130244
24/01/2021 18:40,130269
24/01/2021 18:40,130269
24/01/2021 18:50,130321
24/01/2021 18:55,130328
24/01/2021 19:05,130390
24/01/2021 19:05,130390
24/01/2021 19:10,130405
24/01/2021 19:15,130424
24/01/2021 19:25,130471
24/01/2021 19:25,130471
24/01/2021 19:30,130494
24/01/2021 19:35,130515
24/01/2021 19:40,130535
24/01/2021 19:40,130535
24/01/2021 19:50,130578
24/01/2021 19:55,130593
24/01/2021 20:05,130622
24/01/2021 20:05,130622
24/01/2021 20:10,130627
24/01/2021 20:15,130656
24/01/2021 20:25,130676
24/01/2021 20:25,130676
24/01/2021 20:30,130686
24/01/2021 20:35,130701
24/01/2021 20:35,130701
24/01/2021 20:50,130746
24/01/2021 20:55,130759
24/01/2021 21:05,130784
24/01/2021 21:05,130784
24/01/2021 21:10,130792
24/01/2021 21:15,130800
24/01/2021 21:15,130800
24/01/2021 21:15,130800
24/01/2021 21:25,130819
24/01/2021 21:35,130834
24/01/2021 21:35,130834
24/01/2021 21:35,130834
24/01/2021 21:45,130844
24/01/2021 21:55,130865
24/01/2021 22:05,130876
24/01/2021 22:05,130876
24/01/2021 22:10,130892
24/01/2021 22:15,130895
24/01/2021 22:20,130897
24/01/2021 22:20,130897
24/01/2021 22:30,130903
24/01/2021 22:35,130909
24/01/2021 22:35,130909
24/01/2021 22:35,130909
24/01/2021 22:45,130920
24/01/2021 22:55,130927
24/01/2021 23:00,130930
24/01/2021 23:00,130930
24/01/2021 23:10,130932
24/01/2021 23:15,130941
24/01/2021 23:15,130941
24/01/2021 23:15,130941
24/01/2021 23:25,130945
24/01/2021 23:35,130950
24/01/2021 23:35,130950
24/01/2021 23:35,130950
24/01/2021 23:35,130950
24/01/2021 23:35,130950
25/01/2021 00:05,130953
25/01/2021 00:05,130953
25/01/2021 00:05,130953
25/01/2021 00:05,130953
25/01/2021 00:05,130953
25/01/2021 00:05,130953
25/01/2021 00:05,130953
25/01/2021 00:35,130954
25/01/2021 00:35,130954
25/01/2021 00:35,130954
25/01/2021 00:45,130955
25/01/2021 00:55,130956
25/01/2021 01:05,130959
25/01/2021 01:05,130959
25/01/2021 01:05,130959
25/01/2021 01:20,130961
25/01/2021 01:25,130962
25/01/2021 01:25,130962
25/01/2021 01:30,130964
25/01/2021 01:35,130967
25/01/2021 01:40,130969
25/01/2021 01:40,130969
25/01/2021 01:50,130978
25/01/2021 01:55,130982
25/01/2021 02:05,130993
25/01/2021 02:10,130997
25/01/2021 02:10,130997
25/01/2021 02:15,131000
25/01/2021 02:25,131010
25/01/2021 02:30,131015
25/01/2021 02:35,131017
25/01/2021 02:35,131017
25/01/2021 02:40,131021
25/01/2021 02:40,131021
25/01/2021 02:40,131021
25/01/2021 02:40,131021
25/01/2021 02:40,131021
25/01/2021 02:40,131021
25/01/2021 02:40,131021
25/01/2021 02:40,131021
25/01/2021 02:40,131021
25/01/2021 02:40,131021
25/01/2021 02:40,131021
25/01/2021 02:40,131021
25/01/2021 02:40,131021
25/01/2021 03:45,131022
25/01/2021 03:55,131023
25/01/2021 03:55,131023
25/01/2021 04:00,131025
25/01/2021 04:10,131027
25/01/2021 04:15,131029
25/01/2021 04:15,131029
25/01/2021 04:25,131031
25/01/2021 04:30,131033
25/01/2021 04:35,131034
25/01/2021 04:35,131034
25/01/2021 04:40,131036
25/01/2021 04:45,131038
25/01/2021 04:55,131040
25/01/2021 04:55,131040
25/01/2021 04:55,131040
25/01/2021 04:55,131040
25/01/2021 04:55,131040
25/01/2021 04:55,131040
25/01/2021 04:55,131040
25/01/2021 04:55,131040
25/01/2021 04:55,131040
25/01/2021 04:55,131040
25/01/2021 04:55,131040
25/01/2021 04:55,131040
25/01/2021 04:55,131040
25/01/2021 04:55,131040
25/01/2021 04:55,131040
25/01/2021 04:55,131040
25/01/2021 04:55,131040
25/01/2021 04:55,131040
25/01/2021 06:30,131045
25/01/2021 06:35,131049
25/01/2021 06:35,131049
25/01/2021 06:40,131060
25/01/2021 06:50,131067
25/01/2021 06:55,131078
25/01/2021 06:55,131078
25/01/2021 07:05,131110
25/01/2021 07:10,131129
25/01/2021 07:20,131193
25/01/2021 07:20,131193
25/01/2021 07:25,131199
25/01/2021 07:30,131243
25/01/2021 07:35,131332
25/01/2021 07:35,131332
25/01/2021 07:40,131395
25/01/2021 07:50,131540
25/01/2021 07:55,131627
25/01/2021 07:55,131627
25/01/2021 08:05,131761
25/01/2021 08:10,131813
25/01/2021 08:20,132058
25/01/2021 08:20,132058
25/01/2021 08:20,132058
25/01/2021 08:30,132320
25/01/2021 08:35,132419
25/01/2021 08:35,132419
25/01/2021 08:40,132451
25/01/2021 08:50,132853
25/01/2021 08:55,132905
25/01/2021 08:55,132905
25/01/2021 09:05,133375
25/01/2021 09:10,133557
25/01/2021 09:15,134091
25/01/2021 09:20,134311
25/01/2021 09:20,134311
25/01/2021 09:30,134727
25/01/2021 09:35,134744
25/01/2021 09:40,135158
25/01/2021 09:40,135158
25/01/2021 09:50,135605
25/01/2021 09:55,135829
25/01/2021 10:05,136223
25/01/2021 10:05,136223
25/01/2021 10:10,136358
25/01/2021 10:15,136658
25/01/2021 10:20,136956
25/01/2021 10:20,136956
25/01/2021 10:30,137277
25/01/2021 10:35,137540
25/01/2021 10:40,137800
25/01/2021 10:40,137800
25/01/2021 10:50,138310
25/01/2021 10:55,138518
25/01/2021 11:05,139152
25/01/2021 11:05,139152
25/01/2021 11:10,139428
25/01/2021 11:15,139618
25/01/2021 11:25,139906
25/01/2021 11:25,139906
25/01/2021 11:30,140085
25/01/2021 11:35,140488
25/01/2021 11:40,140734
25/01/2021 11:40,140734
25/01/2021 11:45,140773
25/01/2021 11:55,141180
25/01/2021 12:05,141400
25/01/2021 12:05,141400
25/01/2021 12:10,141502
25/01/2021 12:15,141613
25/01/2021 12:20,141869
25/01/2021 12:25,142096
25/01/2021 12:35,142441
25/01/2021 12:35,142441
25/01/2021 12:40,142665
25/01/2021 12:40,142665
25/01/2021 12:50,142890
25/01/2021 12:55,143081
25/01/2021 13:05,143481
25/01/2021 13:10,143690
25/01/2021 13:20,143976
25/01/2021 13:20,143976
25/01/2021 13:20,143976
25/01/2021 13:30,144234
25/01/2021 13:35,144311
25/01/2021 13:40,144429
25/01/2021 13:40,144429
25/01/2021 13:50,144527
25/01/2021 13:55,144546
25/01/2021 14:05,144606
25/01/2021 14:05,144606
25/01/2021 14:10,144636
25/01/2021 14:15,144640
25/01/2021 14:25,144801
25/01/2021 14:25,144801
25/01/2021 14:30,144866
25/01/2021 14:35,144904
25/01/2021 14:40,144942
25/01/2021 14:40,144942
25/01/2021 14:50,144988
25/01/2021 14:55,145048
25/01/2021 15:05,145125
25/01/2021 15:05,145125
25/01/2021 15:10,145167
25/01/2021 15:20,145209
25/01/2021 15:20,145209
25/01/2021 15:25,145260
25/01/2021 15:35,145353
25/01/2021 15:35,145353
25/01/2021 15:40,145396
25/01/2021 15:40,145396
25/01/2021 15:50,145449
25/01/2021 15:55,145518
25/01/2021 16:05,145569
25/01/2021 16:05,145569
25/01/2021 16:10,145633
25/01/2021 16:20,145731
25/01/2021 16:20,145731
25/01/2021 16:30,145809
25/01/2021 16:30,145809
25/01/2021 16:40,145865
25/01/2021 16:45,145918
25/01/2021 16:45,145918
25/01/2021 16:50,145943
25/01/2021 16:55,145998
25/01/2021 17:05,146202
25/01/2021 17:05,146202
25/01/2021 17:10,146339
25/01/2021 17:15,146442
25/01/2021 17:20,146743
25/01/2021 17:20,146743
25/01/2021 17:30,147142
25/01/2021 17:35,147379
25/01/2021 17:40,147546
25/01/2021 17:40,147546
25/01/2021 17:50,147957
25/01/2021 17:50,147957
25/01/2021 18:05,148370
25/01/2021 18:05,148370
25/01/2021 18:10,148686
25/01/2021 18:15,148891
25/01/2021 18:25,149243
25/01/2021 18:25,149243
25/01/2021 18:30,149401
25/01/2021 18:40,149752
25/01/2021 18:40,149752
25/01/2021 18:40,149752
25/01/2021 18:50,149960
25/01/2021 18:55,150125
25/01/2021 19:05,150415
25/01/2021 19:05,150415
25/01/2021 19:10,150539
25/01/2021 19:20,150789
25/01/2021 19:25,150918
25/01/2021 19:25,150918
25/01/2021 19:30,151070
25/01/2021 19:35,151125
25/01/2021 19:40,151233
25/01/2021 19:40,151233
25/01/2021 19:50,151436
25/01/2021 19:55,151502
25/01/2021 20:05,151596
25/01/2021 20:05,151596
25/01/2021 20:10,151657
25/01/2021 20:15,151744
25/01/2021 20:25,151911
25/01/2021 20:25,151911
25/01/2021 20:30,151985
25/01/2021 20:35,152042
25/01/2021 20:40,152054
25/01/2021 20:40,152054
25/01/2021 20:50,152167
25/01/2021 21:05,152347
25/01/2021 21:05,152347
25/01/2021 21:10,152381
25/01/2021 21:15,152385
25/01/2021 21:25,152517
25/01/2021 21:25,152517
25/01/2021 21:30,152563
25/01/2021 21:35,152605
25/01/2021 21:35,152605
25/01/2021 21:35,152605
25/01/2021 21:50,152698
25/01/2021 21:55,152733
25/01/2021 22:05,152797
25/01/2021 22:05,152797
25/01/2021 22:10,152843
25/01/2021 22:20,152904
25/01/2021 22:20,152904
25/01/2021 22:20,152904
25/01/2021 22:30,152945
25/01/2021 22:35,152967
25/01/2021 22:40,152988
25/01/2021 22:40,152988
25/01/2021 22:50,153027
25/01/2021 22:55,153055
25/01/2021 23:05,153082
25/01/2021 23:05,153082
25/01/2021 23:10,153083
25/01/2021 23:15,153101
25/01/2021 23:25,153133
25/01/2021 23:25,153133
25/01/2021 23:30,153141
25/01/2021 23:40,153154
25/01/2021 23:40,153154
25/01/2021 23:40,153154
25/01/2021 23:50,153166
25/01/2021 23:55,153167
26/01/2021 00:05,153174
26/01/2021 00:05,153174
26/01/2021 00:05,153174
26/01/2021 00:15,153175
26/01/2021 00:25,153178
26/01/2021 00:25,153178
26/01/2021 00:25,153178
26/01/2021 00:35,153179
26/01/2021 00:40,153181
26/01/2021 00:50,153186
26/01/2021 00:50,153186
26/01/2021 00:55,153187
26/01/2021 01:00,153188
26/01/2021 01:00,153188
26/01/2021 01:15,153192
26/01/2021 01:15,153192
26/01/2021 01:25,153194
26/01/2021 01:25,153194
26/01/2021 01:35,153195
26/01/2021 01:35,153195
26/01/2021 01:40,153196
26/01/2021 01:40,153196
26/01/2021 01:40,153196
26/01/2021 01:40,153196
26/01/2021 02:00,153197
26/01/2021 02:00,153197
26/01/2021 02:00,153197
26/01/2021 02:00,153197
26/01/2021 02:20,153198
26/01/2021 02:30,153200
26/01/2021 02:35,153201
26/01/2021 02:35,153201
26/01/2021 02:40,153202
26/01/2021 02:50,153204
26/01/2021 02:55,153205
26/01/2021 02:55,153205
26/01/2021 03:05,153206
26/01/2021 03:10,153207
26/01/2021 03:10,153207
26/01/2021 03:10,153207
26/01/2021 03:10,153207
26/01/2021 03:10,153207
26/01/2021 03:35,153208
26/01/2021 03:35,153208
26/01/2021 03:35,153208
26/01/2021 03:45,153209
26/01/2021 03:45,153209
26/01/2021 03:45,153209
26/01/2021 03:45,153209
26/01/2021 03:45,153209
26/01/2021 03:45,153209
26/01/2021 03:45,153209
26/01/2021 03:45,153209
26/01/2021 03:45,153209
26/01/2021 03:45,153209
26/01/2021 03:45,153209
26/01/2021 03:45,153209
26/01/2021 03:45,153209
26/01/2021 03:45,153209
26/01/2021 03:45,153209
26/01/2021 03:45,153209
26/01/2021 03:45,153209
26/01/2021 03:45,153209
26/01/2021 03:45,153209
26/01/2021 03:45,153209
26/01/2021 05:30,153210
26/01/2021 05:30,153210
26/01/2021 05:30,153210
26/01/2021 05:30,153210
26/01/2021 05:30,153210
26/01/2021 06:00,153211
26/01/2021 06:00,153211
26/01/2021 06:10,153213
26/01/2021 06:10,153213
26/01/2021 06:20,153221
26/01/2021 06:20,153221
26/01/2021 06:30,153232
26/01/2021 06:35,153249
26/01/2021 06:40,153261
26/01/2021 06:40,153261
26/01/2021 06:50,153319
26/01/2021 06:55,153346
26/01/2021 07:05,153424
26/01/2021 07:05,153424
26/01/2021 07:10,153493
26/01/2021 07:15,153589
26/01/2021 07:20,153695
26/01/2021 07:20,153695
26/01/2021 07:30,153963
26/01/2021 07:35,154105
26/01/2021 07:40,154206
26/01/2021 07:40,154206
26/01/2021 07:50,154549
26/01/2021 07:55,154757
26/01/2021 08:05,154975
26/01/2021 08:05,154975
26/01/2021 08:10,155235
26/01/2021 08:20,155739
26/01/2021 08:20,155739
26/01/2021 08:20,155739
26/01/2021 08:30,156285
26/01/2021 08:35,156595
26/01/2021 08:40,156883
26/01/2021 08:40,156883
26/01/2021 08:50,157567
26/01/2021 08:55,157864
26/01/2021 09:05,158347
26/01/2021 09:05,158347
26/01/2021 09:10,158527
26/01/2021 09:15,158717
26/01/2021 09:25,159090
26/01/2021 09:25,159090
26/01/2021 09:35,159335
26/01/2021 09:35,159335
26/01/2021 09:40,159470
26/01/2021 09:40,159470
26/01/2021 09:50,160210
26/01/2021 09:55,160555
26/01/2021 10:05,161054
26/01/2021 10:05,161054
26/01/2021 10:10,161560
26/01/2021 10:15,161973
26/01/2021 10:25,162656
26/01/2021 10:25,162656
26/01/2021 10:30,162877
26/01/2021 10:35,163098
26/01/2021 10:40,163430
26/01/2021 10:40,163430
26/01/2021 10:55,164621
26/01/2021 10:55,164621
26/01/2021 11:05,165384
26/01/2021 11:05,165384
26/01/2021 11:15,166271
26/01/2021 11:15,166271
26/01/2021 11:20,166794
26/01/2021 11:30,167734
26/01/2021 11:30,167734
26/01/2021 11:40,168665
26/01/2021 11:40,168665
26/01/2021 11:45,169168
26/01/2021 11:50,169649
26/01/2021 11:55,170183
26/01/2021 12:05,170665
26/01/2021 12:05,170665
26/01/2021 12:10,171190
26/01/2021 12:20,171952
26/01/2021 12:25,172301
26/01/2021 12:25,172301
26/01/2021 12:30,172633
26/01/2021 12:40,173263
26/01/2021 12:45,173508
26/01/2021 12:45,173508
26/01/2021 12:50,173774
26/01/2021 12:55,174035
26/01/2021 13:05,174503
26/01/2021 13:05,174503
26/01/2021 13:10,174700
26/01/2021 13:15,174912
26/01/2021 13:25,175496
26/01/2021 13:25,175496
26/01/2021 13:30,175786
26/01/2021 13:40,176482
26/01/2021 13:40,176482
26/01/2021 13:40,176482
26/01/2021 13:50,177010
26/01/2021 13:55,177350
26/01/2021 14:05,178034
26/01/2021 14:05,178034
26/01/2021 14:10,178405
26/01/2021 14:20,178908
26/01/2021 14:25,179208
26/01/2021 14:30,179582
26/01/2021 14:35,180015
26/01/2021 14:40,180112
26/01/2021 14:40,180112
26/01/2021 14:50,181440
26/01/2021 14:56,182062
26/01/2021 15:05,182493
26/01/2021 15:05,182493
26/01/2021 15:10,183033
26/01/2021 15:15,183942
26/01/2021 15:25,184987
26/01/2021 15:25,184987
26/01/2021 15:30,185412
26/01/2021 15:40,185793
26/01/2021 15:40,185793
26/01/2021 15:40,185793
26/01/2021 15:50,186512
26/01/2021 15:55,187096
26/01/2021 16:05,187579
26/01/2021 16:05,187579
26/01/2021 16:10,188281
26/01/2021 16:15,188957
26/01/2021 16:25,189610
26/01/2021 16:25,189610
26/01/2021 16:35,190506
26/01/2021 16:35,190506
26/01/2021 16:45,191364
26/01/2021 16:45,191364
26/01/2021 16:55,191747
26/01/2021 16:55,191747
26/01/2021 17:05,192405
26/01/2021 17:05,192405
26/01/2021 17:15,192705
26/01/2021 17:20,192974
26/01/2021 17:25,193241
26/01/2021 17:25,193241
26/01/2021 17:30,193563
26/01/2021 17:40,193874
26/01/2021 17:45,194088
26/01/2021 17:50,194250
26/01/2021 17:50,194250
26/01/2021 17:50,194250
26/01/2021 18:05,194626
26/01/2021 18:05,194626
26/01/2021 18:15,195028
26/01/2021 18:15,195028
26/01/2021 18:25,195173
26/01/2021 18:30,195329
26/01/2021 18:35,195517
26/01/2021 18:35,195517
26/01/2021 18:45,195774
26/01/2021 18:50,195934
26/01/2021 18:55,195969
26/01/2021 18:55,195969
26/01/2021 19:05,196246
26/01/2021 19:05,196246
26/01/2021 19:10,196374
26/01/2021 19:15,196467
26/01/2021 19:20,196535
26/01/2021 19:30,196694
26/01/2021 19:30,196694
26/01/2021 19:35,196779
26/01/2021 19:40,196848
26/01/2021 19:50,196918
26/01/2021 19:55,197004
26/01/2021 19:55,197004
26/01/2021 20:05,197061
26/01/2021 20:05,197061
26/01/2021 20:10,197141
26/01/2021 20:15,197185
26/01/2021 20:25,197259
26/01/2021 20:30,197334
26/01/2021 20:35,197378
26/01/2021 20:35,197378
26/01/2021 20:45,197481
26/01/2021 20:50,197521
26/01/2021 20:55,197541
26/01/2021 20:55,197541
26/01/2021 21:05,197632
26/01/2021 21:10,197672
26/01/2021 21:15,197716
26/01/2021 21:15,197716
26/01/2021 21:15,197716
26/01/2021 21:30,197815
26/01/2021 21:35,197844
26/01/2021 21:35,197844
26/01/2021 21:40,197872
26/01/2021 21:45,197892
26/01/2021 21:55,197938
26/01/2021 21:55,197938
26/01/2021 22:05,197981
26/01/2021 22:10,197997
26/01/2021 22:20,198021
26/01/2021 22:20,198021
26/01/2021 22:20,198021
26/01/2021 22:30,198046
26/01/2021 22:35,198056
26/01/2021 22:35,198056
26/01/2021 22:40,198064
26/01/2021 22:50,198086
26/01/2021 22:55,198104
26/01/2021 23:05,198119
26/01/2021 23:10,198127
26/01/2021 23:15,198136
26/01/2021 23:15,198136
26/01/2021 23:20,198143
26/01/2021 23:30,198166
26/01/2021 23:35,198172
26/01/2021 23:40,198183
26/01/2021 23:40,198183
26/01/2021 23:50,198208
26/01/2021 23:55,198215
26/01/2021 23:55,198215
27/01/2021 00:05,198216
27/01/2021 00:10,198222
27/01/2021 00:20,198228
27/01/2021 00:25,198231
27/01/2021 00:25,198231
27/01/2021 00:25,198231
27/01/2021 00:35,198237
27/01/2021 00:40,198238
27/01/2021 00:40,198238
27/01/2021 00:45,198241
27/01/2021 00:55,198244
27/01/2021 01:00,198249
27/01/2021 01:00,198249
27/01/2021 01:10,198251
27/01/2021 01:20,198258
27/01/2021 01:25,198260
27/01/2021 01:25,198260
27/01/2021 01:30,198266
27/01/2021 01:40,198269
27/01/2021 01:40,198269
27/01/2021 01:40,198269
27/01/2021 01:50,198274
27/01/2021 01:55,198277
27/01/2021 02:05,198283
27/01/2021 02:05,198283
27/01/2021 02:10,198286
27/01/2021 02:15,198288
27/01/2021 02:25,198295
27/01/2021 02:25,198295
27/01/2021 02:30,198298
27/01/2021 02:35,198300
27/01/2021 02:35,198300
27/01/2021 02:35,198300
27/01/2021 02:50,198307
27/01/2021 02:50,198307
27/01/2021 03:05,198315
27/01/2021 03:05,198315
27/01/2021 03:10,198319
27/01/2021 03:20,198323
27/01/2021 03:25,198327
27/01/2021 03:25,198327
27/01/2021 03:30,198329
27/01/2021 03:35,198330
27/01/2021 03:40,198333
27/01/2021 03:40,198333
27/01/2021 03:45,198336
27/01/2021 03:55,198341
27/01/2021 04:05,198345
27/01/2021 04:05,198345
27/01/2021 04:10,198346
27/01/2021 04:20,198351
27/01/2021 04:20,198351
27/01/2021 04:20,198351
27/01/2021 04:30,198356
27/01/2021 04:35,198360
27/01/2021 04:40,198363
27/01/2021 04:40,198363
27/01/2021 04:45,198364
27/01/2021 04:55,198366
27/01/2021 05:05,198373
27/01/2021 05:05,198373
27/01/2021 05:05,198373
27/01/2021 05:05,198373
27/01/2021 05:05,198373
27/01/2021 05:05,198373
27/01/2021 05:05,198373
27/01/2021 05:05,198373
27/01/2021 05:05,198373
27/01/2021 05:05,198373
27/01/2021 05:05,198373
27/01/2021 05:05,198373
27/01/2021 06:00,198377
27/01/2021 06:00,198377
27/01/2021 06:10,198381
27/01/2021 06:10,198381
27/01/2021 06:20,198384
27/01/2021 06:20,198384
27/01/2021 06:30,198396
27/01/2021 06:35,198403
27/01/2021 06:40,198406
27/01/2021 06:40,198406
27/01/2021 06:50,198429
27/01/2021 06:55,198439
27/01/2021 07:05,198488
27/01/2021 07:05,198488
27/01/2021 07:10,198528
27/01/2021 07:15,198584
27/01/2021 07:25,198671
27/01/2021 07:25,198671
27/01/2021 07:30,198854
27/01/2021 07:35,198952
27/01/2021 07:45,199216
27/01/2021 07:45,199216
27/01/2021 07:50,199252
27/01/2021 07:55,199451
27/01/2021 08:05,199870
27/01/2021 08:05,199870
27/01/2021 08:10,200079
27/01/2021 08:15,200217
27/01/2021 08:20,200531
27/01/2021 08:30,201000
27/01/2021 08:40,201328
27/01/2021 08:45,201671
27/01/2021 08:50,201913
27/01/2021 08:50,201913
27/01/2021 08:55,202183
27/01/2021 09:05,202655
27/01/2021 09:10,202996
27/01/2021 09:15,203005
27/01/2021 09:20,203324
27/01/2021 09:25,203491
27/01/2021 09:25,203491
27/01/2021 09:30,203737
27/01/2021 09:35,203751
27/01/2021 09:40,204417
27/01/2021 09:50,205168
27/01/2021 09:50,205168
27/01/2021 09:55,205492
27/01/2021 10:05,205766
27/01/2021 10:05,205766
27/01/2021 10:15,205912
27/01/2021 10:20,206161
27/01/2021 10:20,206161
27/01/2021 10:30,206302
27/01/2021 10:30,206302
27/01/2021 10:35,206523
27/01/2021 10:40,206603
27/01/2021 10:50,207146
27/01/2021 10:50,207146
27/01/2021 10:55,207367
27/01/2021 11:00,207439
27/01/2021 11:10,207939
27/01/2021 11:15,208232
27/01/2021 11:20,208546
27/01/2021 11:20,208546
27/01/2021 11:30,209085
27/01/2021 11:35,209408
27/01/2021 11:35,209408
27/01/2021 11:40,209775
27/01/2021 11:50,210417
27/01/2021 11:55,210819
27/01/2021 12:00,211259
27/01/2021 12:00,211259
27/01/2021 12:10,211504
27/01/2021 12:15,211792
27/01/2021 12:20,212073
27/01/2021 12:20,212073
27/01/2021 12:20,212073
27/01/2021 12:20,212073
27/01/2021 12:20,212073
27/01/2021 12:20,212073
27/01/2021 12:20,212073
27/01/2021 12:20,212073
27/01/2021 12:20,212073
27/01/2021 12:20,212073
27/01/2021 12:20,212073
27/01/2021 12:20,212073
27/01/2021 12:20,212073
27/01/2021 12:20,212073
27/01/2021 12:20,212073
27/01/2021 12:20,212073
27/01/2021 12:20,212073
27/01/2021 12:20,212073
27/01/2021 12:20,212073
27/01/2021 12:20,212073
27/01/2021 12:20,212073
27/01/2021 12:20,212073
27/01/2021 12:20,212073
27/01/2021 12:20,212073
27/01/2021 12:20,212073
27/01/2021 12:20,212073
27/01/2021 12:20,212073
27/01/2021 12:20,212073
27/01/2021 12:20,212073
27/01/2021 12:20,212073
27/01/2021 12:20,212073
27/01/2021 12:20,212073
27/01/2021 12:20,212073
27/01/2021 12:20,212073
27/01/2021 12:20,212073
27/01/2021 12:20,212073
27/01/2021 12:20,212073
27/01/2021 12:20,212073
27/01/2021 12:20,212073
27/01/2021 12:20,212073
27/01/2021 12:20,212073
27/01/2021 12:20,212073
27/01/2021 12:20,212073
27/01/2021 12:20,212073
27/01/2021 12:20,212073
27/01/2021 16:07,224073
27/01/2021 16:07,224073
27/01/2021 16:15,224844
27/01/2021 16:20,224936
27/01/2021 16:25,225261
27/01/2021 16:30,225803
27/01/2021 16:35,226404
27/01/2021 16:40,226803
27/01/2021 16:50,228001
27/01/2021 16:50,228001
27/01/2021 16:50,228001
27/01/2021 17:05,228966
27/01/2021 17:10,229348
27/01/2021 17:10,229348
27/01/2021 17:15,229733
27/01/2021 17:15,229733
27/01/2021 17:25,230103
27/01/2021 17:30,230463
27/01/2021 17:35,230858
27/01/2021 17:40,231207
27/01/2021 17:50,231491
27/01/2021 17:55,231836
27/01/2021 18:00,232106
27/01/2021 18:10,232359
27/01/2021 18:10,232359
27/01/2021 18:20,232841
27/01/2021 18:20,232841
27/01/2021 18:25,233098
27/01/2021 18:35,233361
27/01/2021 18:40,233577
27/01/2021 18:40,233577
27/01/2021 18:50,233913
27/01/2021 18:50,233913
27/01/2021 18:55,234088
27/01/2021 18:55,234088
27/01/2021 19:05,234236
27/01/2021 19:05,234236
27/01/2021 19:15,234478
27/01/2021 19:20,234587
27/01/2021 19:25,234608
27/01/2021 19:30,234710
27/01/2021 19:35,234830
27/01/2021 19:40,234952
27/01/2021 19:50,235203
27/01/2021 19:50,235203
27/01/2021 19:50,235203
27/01/2021 20:00,235341
27/01/2021 20:05,235448
27/01/2021 20:05,235448
27/01/2021 20:20,235796
27/01/2021 20:20,235796
27/01/2021 20:20,235796
27/01/2021 20:30,235904
27/01/2021 20:35,236013
27/01/2021 20:40,236149
27/01/2021 20:50,236310
27/01/2021 20:50,236310
27/01/2021 20:55,236380
27/01/2021 21:00,236477
27/01/2021 21:10,236614
27/01/2021 21:10,236614
27/01/2021 21:20,236734
27/01/2021 21:20,236734
27/01/2021 21:25,236806
27/01/2021 21:30,236862
27/01/2021 21:40,236975
27/01/2021 21:40,236975
27/01/2021 21:50,237075
27/01/2021 21:50,237075
27/01/2021 21:55,237113
27/01/2021 22:05,237173
27/01/2021 22:05,237173
27/01/2021 22:05,237173
27/01/2021 22:15,237226
27/01/2021 22:20,237247
27/01/2021 22:25,237270
27/01/2021 22:30,237298
27/01/2021 22:35,237317
27/01/2021 22:40,237337
27/01/2021 22:50,237366
27/01/2021 22:50,237366
27/01/2021 22:55,237377
27/01/2021 23:05,237398
27/01/2021 23:05,237398
27/01/2021 23:10,237413
27/01/2021 23:15,237424
27/01/2021 23:20,237435
27/01/2021 23:20,237435
27/01/2021 23:30,237451
27/01/2021 23:35,237463
27/01/2021 23:40,237476
27/01/2021 23:40,237476
27/01/2021 23:50,237493
27/01/2021 23:55,237510
28/01/2021 00:05,237529
28/01/2021 00:05,237529
28/01/2021 00:10,237541
28/01/2021 00:20,237559
28/01/2021 00:20,237559
28/01/2021 00:20,237559
28/01/2021 00:30,237602
28/01/2021 00:40,237630
28/01/2021 00:40,237630
28/01/2021 00:40,237630
28/01/2021 00:50,237664
28/01/2021 00:55,237674
28/01/2021 01:05,237686
28/01/2021 01:05,237686
28/01/2021 01:10,237699
28/01/2021 01:10,237699
28/01/2021 01:20,237708
28/01/2021 01:20,237708
28/01/2021 01:30,237717
28/01/2021 01:35,237718
28/01/2021 01:40,237720
28/01/2021 01:40,237720
28/01/2021 01:50,237726
28/01/2021 01:55,237728
28/01/2021 02:05,237739
28/01/2021 02:05,237739
28/01/2021 02:10,237740
28/01/2021 02:10,237740
28/01/2021 02:10,237740
28/01/2021 02:10,237740
28/01/2021 02:10,237740
28/01/2021 02:10,237740
28/01/2021 02:10,237740
28/01/2021 02:10,237740
28/01/2021 02:10,237740
28/01/2021 02:10,237740
28/01/2021 02:10,237740
28/01/2021 02:10,237740
28/01/2021 03:15,237741
28/01/2021 03:25,237743
28/01/2021 03:30,237744
28/01/2021 03:35,237745
28/01/2021 03:35,237745
28/01/2021 03:40,237746
28/01/2021 03:40,237746
28/01/2021 03:45,237749
28/01/2021 03:55,237750
28/01/2021 04:05,237752
28/01/2021 04:10,237753
28/01/2021 04:10,237753
28/01/2021 04:20,237756
28/01/2021 10:35,253492
28/01/2021 10:40,254458
28/01/2021 10:45,255097
28/01/2021 10:50,255157
28/01/2021 10:50,255157
28/01/2021 11:00,256545
28/01/2021 11:05,257063
28/01/2021 11:10,258158
28/01/2021 11:10,258158
28/01/2021 11:20,259172
28/01/2021 11:30,260492
28/01/2021 12:00,263952
28/01/2021 12:35,267043
28/01/2021 13:00,268728
28/01/2021 13:35,272046
28/01/2021 14:00,274277
28/01/2021 14:35,278346
28/01/2021 15:00,282250
28/01/2021 15:35,287211
28/01/2021 16:05,291455
28/01/2021 16:35,294886
28/01/2021 17:05,298074
28/01/2021 17:25,300040
28/01/2021 17:50,301944
28/01/2021 18:25,304033
28/01/2021 18:55,305590
28/01/2021 19:25,306573
28/01/2021 19:55,307324
28/01/2021 20:25,307912
28/01/2021 20:55,308475
28/01/2021 21:25,308848
28/01/2021 21:50,309028
28/01/2021 22:30,309217
28/01/2021 23:00,309346
28/01/2021 23:30,309462
29/01/2021 00:00,309541
29/01/2021 00:30,309574
29/01/2021 01:00,309592
29/01/2021 01:30,309610
29/01/2021 02:00,309615
29/01/2021 02:30,309629
29/01/2021 02:50,309643
29/01/2021 02:50,309643
29/01/2021 04:00,309649
29/01/2021 04:30,309659
29/01/2021 05:00,309664
29/01/2021 05:35,309684
29/01/2021 06:00,309695
29/01/2021 06:35,309769
29/01/2021 07:00,309887
29/01/2021 07:35,310621
29/01/2021 08:00,311687
29/01/2021 08:35,313937
29/01/2021 09:00,315685
29/01/2021 09:35,319071
29/01/2021 10:00,321723
29/01/2021 10:35,324281
29/01/2021 11:00,326146
29/01/2021 11:30,326723
29/01/2021 12:05,328715
29/01/2021 12:30,330672
29/01/2021 13:05,332736
29/01/2021 13:35,333623
29/01/2021 14:00,334409
29/01/2021 14:30,336985
29/01/2021 15:05,342384
29/01/2021 15:35,346703
29/01/2021 16:00,350753
29/01/2021 16:35,352716
29/01/2021 17:05,354119
29/01/2021 17:35,355065
29/01/2021 18:05,356186
29/01/2021 18:35,357515
29/01/2021 19:05,358530
29/01/2021 19:35,359351
29/01/2021 20:05,360022
29/01/2021 20:35,361157
29/01/2021 21:05,362145
29/01/2021 21:35,363402
29/01/2021 22:05,364306
29/01/2021 22:35,365184
29/01/2021 23:05,365534
29/01/2021 23:35,365640
30/01/2021 00:05,365732
30/01/2021 00:35,365802
30/01/2021 01:05,365853
30/01/2021 01:35,365907
30/01/2021 02:05,365949
30/01/2021 02:35,365982
30/01/2021 03:00,366046
30/01/2021 03:30,366096
30/01/2021 04:05,366113
30/01/2021 04:35,366127
30/01/2021 05:05,366140
30/01/2021 05:35,366174
30/01/2021 06:10,366217
30/01/2021 06:35,366245
30/01/2021 07:05,366293
30/01/2021 07:35,366452
30/01/2021 08:05,366771
30/01/2021 08:35,367534
30/01/2021 09:05,368740
30/01/2021 09:35,370192
30/01/2021 10:05,371633
30/01/2021 10:35,373227
30/01/2021 11:05,374585
30/01/2021 11:40,376609
30/01/2021 12:05,377670
30/01/2021 12:40,378768
30/01/2021 13:05,379750
30/01/2021 13:40,380584
30/01/2021 14:05,381104
30/01/2021 14:40,382160
30/01/2021 15:05,382823
30/01/2021 15:40,383842
30/01/2021 16:05,384621
30/01/2021 16:40,385566
30/01/2021 17:05,386055
30/01/2021 17:35,386511
30/01/2021 18:10,386890
30/01/2021 18:35,387126
30/01/2021 19:05,387366
30/01/2021 19:40,387561
30/01/2021 20:05,387665
30/01/2021 20:35,387729
30/01/2021 21:05,387801
30/01/2021 21:35,387852
30/01/2021 22:05,387897
30/01/2021 22:30,387935
30/01/2021 23:05,387940
30/01/2021 23:35,387946
30/01/2021 23:45,387948
30/01/2021 23:45,387948
30/01/2021 23:45,387948
30/01/2021 23:45,387948
30/01/2021 23:45,387948
30/01/2021 23:45,387948
30/01/2021 23:45,387948
30/01/2021 23:45,387948
30/01/2021 23:45,387948
30/01/2021 23:45,387948
30/01/2021 23:45,387948
30/01/2021 23:45,387948
30/01/2021 23:45,387948
30/01/2021 23:45,387948
30/01/2021 23:45,387948
31/01/2021 07:35,387949
31/01/2021 08:10,387953
31/01/2021 08:30,387963
31/01/2021 09:10,387973
31/01/2021 09:40,387984
31/01/2021 10:05,387993
31/01/2021 10:35,388010
31/01/2021 11:10,388237
31/01/2021 11:40,388565
31/01/2021 12:10,388961
31/01/2021 12:35,389250
31/01/2021 13:10,389575
31/01/2021 13:40,389888
31/01/2021 14:10,390213
31/01/2021 14:40,390596
31/01/2021 15:10,390954
31/01/2021 15:40,391387
31/01/2021 16:15,391817
31/01/2021 16:35,392053
31/01/2021 17:10,392405
31/01/2021 17:40,392658
31/01/2021 18:10,392839
31/01/2021 18:40,393042
31/01/2021 19:10,393184
31/01/2021 19:40,393346
31/01/2021 20:10,393479
31/01/2021 20:40,393596
31/01/2021 21:10,393732
31/01/2021 21:40,393828
31/01/2021 22:15,393908
31/01/2021 22:40,393945
31/01/2021 23:10,393985
31/01/2021 23:40,394007
01/02/2021 00:10,394030
01/02/2021 00:45,394049
01/02/2021 01:10,394062
01/02/2021 01:40,394068
01/02/2021 02:00,394071
01/02/2021 02:45,394077
01/02/2021 02:50,394078
01/02/2021 03:40,394082
01/02/2021 04:10,394085
01/02/2021 04:20,394087
01/02/2021 04:20,394087
01/02/2021 05:40,394088
01/02/2021 06:10,394102
01/02/2021 06:40,394157
01/02/2021 07:10,394267
01/02/2021 07:40,394868
01/02/2021 08:10,395908
01/02/2021 08:40,397450
01/02/2021 09:10,399317
01/02/2021 09:30,400845
01/02/2021 10:10,404373
01/02/2021 10:35,406991
01/02/2021 10:35,406991
01/02/2021 11:40,413611
01/02/2021 11:55,415241
01/02/2021 12:40,418408
01/02/2021 13:10,420182
01/02/2021 13:45,422528
01/02/2021 14:10,424823
01/02/2021 14:45,428848
01/02/2021 15:10,431889
01/02/2021 15:40,435443
01/02/2021 15:40,435443
01/02/2021 16:45,442224
01/02/2021 16:45,442224
01/02/2021 17:30,445051
01/02/2021 18:15,446994
01/02/2021 18:45,447909
01/02/2021 19:15,448527
01/02/2021 19:45,448995
01/02/2021 20:15,449398
01/02/2021 20:36,449691
01/02/2021 21:10,450072
01/02/2021 21:45,450368
01/02/2021 22:10,450533
02/02/2021 02:10,451124
02/02/2021 02:45,451183
02/02/2021 03:10,451232
02/02/2021 03:50,451304
02/02/2021 04:10,451355
02/02/2021 04:45,451422
02/02/2021 05:10,451461
02/02/2021 05:45,451518
02/02/2021 06:10,451565
02/02/2021 06:30,451608
02/02/2021 07:00,451722
02/02/2021 07:20,451904
02/02/2021 07:20,451904
02/02/2021 07:20,451904
02/02/2021 09:10,457703
02/02/2021 09:30,459492
02/02/2021 10:20,464520
02/02/2021 10:20,464520
02/02/2021 11:15,470196
02/02/2021 11:45,473151
02/02/2021 12:05,474892
02/02/2021 12:45,477422
02/02/2021 13:20,479655
02/02/2021 13:45,481586
02/02/2021 14:20,484976
02/02/2021 14:50,488292
02/02/2021 15:15,491142
02/02/2021 15:50,495488
02/02/2021 16:15,498278
02/02/2021 16:45,501644
02/02/2021 17:20,504261
02/02/2021 17:45,505717
02/02/2021 18:20,507251
02/02/2021 18:50,508156
02/02/2021 19:20,508816
02/02/2021 19:45,509245
02/02/2021 20:20,509717
02/02/2021 20:45,509942
02/02/2021 21:20,510150
02/02/2021 21:50,510301
02/02/2021 22:15,510408
02/02/2021 22:45,510506
02/02/2021 23:15,510581
02/02/2021 23:40,510628
03/02/2021 00:15,510674
03/02/2021 00:40,510687
03/02/2021 01:10,510720
03/02/2021 01:45,510749
03/02/2021 02:20,510759
03/02/2021 02:45,510769
03/02/2021 03:15,510778
03/02/2021 03:40,510789
03/02/2021 04:15,510802
03/02/2021 04:40,510809
03/02/2021 05:10,510815
03/02/2021 05:50,510832
03/02/2021 06:15,510849
03/02/2021 06:50,510888
03/02/2021 07:15,511045
03/02/2021 07:50,512045
03/02/2021 08:15,513172
03/02/2021 08:45,515401
03/02/2021 09:20,518745
03/02/2021 09:45,521331
03/02/2021 10:20,525216
03/02/2021 10:45,528191
03/02/2021 11:20,532497
03/02/2021 11:50,535979
03/02/2021 12:20,538643
03/02/2021 12:45,540690
03/02/2021 13:20,543583
03/02/2021 13:50,546691
03/02/2021 14:20,550181
03/02/2021 14:45,553449
03/02/2021 16:00,564415
03/02/2021 16:30,568130
03/02/2021 17:00,571273
03/02/2021 17:30,573828
03/02/2021 18:00,575933
03/02/2021 18:35,577804
03/02/2021 19:00,578991
03/02/2021 19:30,579897
03/02/2021 20:05,580741
03/02/2021 20:30,581054
03/02/2021 21:00,581427
03/02/2021 21:30,581736
03/02/2021 22:00,581911
03/02/2021 22:30,582028
03/02/2021 23:00,582105
03/02/2021 23:35,582187
04/02/2021 00:05,582264
04/02/2021 00:35,582315
04/02/2021 01:00,582338
04/02/2021 01:35,582364
04/02/2021 02:00,582385
04/02/2021 02:35,582400
04/02/2021 02:40,582403
04/02/2021 03:35,582405
04/02/2021 03:45,582406
04/02/2021 04:15,582408
04/02/2021 04:15,582408
04/02/2021 05:35,582412
04/02/2021 06:05,582447
04/02/2021 06:35,582544
04/02/2021 07:05,582727
04/02/2021 07:35,583462
04/02/2021 08:05,584927
04/02/2021 08:35,587472
04/02/2021 09:10,591287
04/02/2021 09:35,594417
04/02/2021 10:10,599183
04/02/2021 10:35,602741
04/02/2021 11:05,607059
04/02/2021 11:35,611238
04/02/2021 12:10,615305
04/02/2021 12:35,617566
04/02/2021 13:05,620351
04/02/2021 13:35,623639
04/02/2021 14:05,627596
04/02/2021 14:35,631795
04/02/2021 15:05,636794
04/02/2021 15:35,641852
04/02/2021 16:10,647068
04/02/2021 16:35,650149
04/02/2021 17:10,653598
04/02/2021 17:35,655369
04/02/2021 18:05,657206
04/02/2021 18:35,658560
04/02/2021 19:10,659705
04/02/2021 19:40,660541
04/02/2021 20:10,661241
04/02/2021 20:35,661773
04/02/2021 21:05,662338
04/02/2021 21:40,662833
04/02/2021 22:00,663026
04/02/2021 22:35,663276
04/02/2021 23:05,663397
04/02/2021 23:35,663484
05/02/2021 00:05,663560
05/02/2021 00:35,663587
05/02/2021 01:05,663611
05/02/2021 01:35,663631
05/02/2021 02:05,663655
05/02/2021 02:35,663673
05/02/2021 02:55,663679
05/02/2021 03:35,663682
05/02/2021 04:10,663692
05/02/2021 04:35,663700
05/02/2021 05:05,663723
05/02/2021 05:35,663743
05/02/2021 06:05,663764
05/02/2021 06:35,663823
05/02/2021 07:10,664018
05/02/2021 07:35,664654
05/02/2021 08:05,666212
05/02/2021 08:40,669423
05/02/2021 09:10,673218
05/02/2021 09:35,677169
05/02/2021 10:05,682320
05/02/2021 10:35,687945
05/02/2021 11:10,694029
05/02/2021 11:35,698396
05/02/2021 12:05,702815
05/02/2021 12:40,706669
05/02/2021 13:10,709933
05/02/2021 13:35,713040
05/02/2021 14:10,717864
05/02/2021 14:40,722787
05/02/2021 15:10,728221
05/02/2021 15:40,733231
05/02/2021 16:05,737451
05/02/2021 16:40,742048
05/02/2021 17:05,744824
05/02/2021 17:40,747605
05/02/2021 18:00,749188
05/02/2021 18:00,749188
05/02/2021 18:00,749188
05/02/2021 18:00,749188
05/02/2021 18:00,749188
05/02/2021 18:00,749188
05/02/2021 21:10,749188
05/02/2021 21:40,749188
05/02/2021 22:10,749188
05/02/2021 22:40,749188
05/02/2021 23:10,749188
05/02/2021 23:40,749188
06/02/2021 00:05,749188
06/02/2021 00:40,749188
06/02/2021 01:10,749188
06/02/2021 01:40,749188
06/02/2021 02:05,749188
06/02/2021 02:40,749188
06/02/2021 03:10,749188
06/02/2021 03:40,749188
06/02/2021 04:10,749188
06/02/2021 04:40,749188
06/02/2021 05:05,749188
06/02/2021 05:40,749188
06/02/2021 06:05,749188
06/02/2021 06:40,749188
06/02/2021 07:15,749188
06/02/2021 07:40,749188
06/02/2021 08:15,749188
06/02/2021 08:40,749188
06/02/2021 09:15,751537
06/02/2021 09:40,753700
06/02/2021 10:15,757132
06/02/2021 10:40,759539
06/02/2021 11:15,762739
06/02/2021 11:45,765345
06/02/2021 12:10,767244
06/02/2021 12:45,769308
06/02/2021 13:15,771331
06/02/2021 13:50,773703
06/02/2021 14:20,775647
06/02/2021 14:45,777305
06/02/2021 15:20,779705
06/02/2021 15:50,781729
06/02/2021 16:20,783412
06/02/2021 16:50,784897
06/02/2021 18:45,787717
06/02/2021 19:10,788088
06/02/2021 19:45,788473
06/02/2021 20:10,788694
06/02/2021 20:40,788915
06/02/2021 21:15,789119
06/02/2021 21:40,789264
06/02/2021 22:10,789392
06/02/2021 22:40,789551
06/02/2021 23:10,789678
06/02/2021 23:40,789768
07/02/2021 00:15,789885
07/02/2021 00:40,789917
07/02/2021 01:15,789979
07/02/2021 01:40,789989
07/02/2021 02:10,790008
07/02/2021 02:40,790025
07/02/2021 03:15,790049
07/02/2021 03:40,790061
07/02/2021 04:15,790085
07/02/2021 04:40,790115
07/02/2021 05:15,790166
07/02/2021 05:40,790191
07/02/2021 06:15,790220
07/02/2021 06:45,790254
07/02/2021 07:15,790311
07/02/2021 07:45,790465
07/02/2021 08:10,790607
07/02/2021 08:45,791005
07/02/2021 09:15,791541
07/02/2021 09:45,792111
07/02/2021 10:10,792592
07/02/2021 10:45,793386
07/02/2021 11:15,794247
07/02/2021 11:45,794909
07/02/2021 12:10,795465
07/02/2021 12:45,796020
07/02/2021 13:10,796497
07/02/2021 13:50,797324
07/02/2021 14:10,797845
07/02/2021 14:45,798811
07/02/2021 15:15,799641
07/02/2021 15:50,800516
07/02/2021 16:15,801078
07/02/2021 16:45,801581
07/02/2021 17:10,801908
07/02/2021 17:45,802298
07/02/2021 18:15,802596
07/02/2021 18:45,802811
07/02/2021 19:15,802955
07/02/2021 19:50,803047
07/02/2021 22:05,803634
07/02/2021 22:40,803742
07/02/2021 23:05,803832
07/02/2021 23:40,804040
08/02/2021 00:05,804165
08/02/2021 00:40,804332
08/02/2021 01:05,804424
08/02/2021 01:40,804541
08/02/2021 02:05,804614
08/02/2021 02:40,804724
08/02/2021 03:05,804786
08/02/2021 03:40,804868
08/02/2021 04:15,804951
08/02/2021 04:40,805023
08/02/2021 05:10,805095
08/02/2021 05:45,805154
08/02/2021 06:15,805221
08/02/2021 06:45,805295
08/02/2021 07:10,805439
08/02/2021 07:45,806274
08/02/2021 08:15,808017
08/02/2021 08:40,810396
08/02/2021 09:10,814101
08/02/2021 09:40,819201
08/02/2021 10:10,824214
08/02/2021 10:40,829731
08/02/2021 11:10,835916
08/02/2021 11:40,841736
08/02/2021 12:10,846579
08/02/2021 12:45,851286
08/02/2021 13:15,855129
08/02/2021 13:45,859672
08/02/2021 14:10,863823
08/02/2021 14:40,869857
08/02/2021 15:10,875679
08/02/2021 15:45,882510
08/02/2021 16:15,888346
08/02/2021 16:45,893195
08/02/2021 17:10,896254
08/02/2021 17:45,899373
08/02/2021 18:10,901121
08/02/2021 18:40,903133
