Data,Vacinados,Delta
2021-01-19 11:16:00,3908,
2021-01-20 14:14:00,17318,13410.0
2021-01-20 15:11:00,18409,1091.0
2021-01-20 15:19:00,18729,320.0
2021-01-20 15:24:00,18834,105.0
2021-01-20 15:36:00,19047,213.0
2021-01-20 15:59:00,19503,456.0
2021-01-20 16:10:00,19758,255.0
2021-01-20 16:23:00,20007,249.0
2021-01-20 16:31:00,20140,133.0
2021-01-20 16:50:00,20464,324.0
2021-01-20 16:53:00,20501,37.0
2021-01-20 17:00:00,20637,136.0
2021-01-20 17:18:00,20851,214.0
2021-01-20 17:36:00,21159,308.0
2021-01-20 17:50:00,21337,178.0
2021-01-20 18:22:00,21663,326.0
2021-01-20 18:31:00,21782,119.0
2021-01-20 18:45:00,21816,34.0
2021-01-20 18:50:00,21816,0.0
2021-01-20 18:57:00,21880,64.0
2021-01-20 19:03:00,21900,20.0
2021-01-20 19:05:00,21900,0.0
2021-01-20 19:13:00,21975,75.0
2021-01-20 19:17:00,21975,0.0
2021-01-20 19:25:00,22017,42.0
2021-01-20 19:31:00,22037,20.0
2021-01-20 19:37:00,22065,28.0
2021-01-20 19:46:00,22114,49.0
2021-01-20 19:52:00,22140,26.0
2021-01-20 20:00:00,22158,18.0
2021-01-20 20:07:00,22207,49.0
2021-01-20 20:16:00,22306,99.0
2021-01-20 20:23:00,22333,27.0
2021-01-20 20:30:00,0,-22333.0
2021-01-20 20:36:00,0,0.0
2021-01-20 20:42:00,22413,22413.0
2021-01-20 20:45:00,22432,19.0
2021-01-20 20:50:00,22432,0.0
2021-01-20 20:57:00,22471,39.0
2021-01-20 21:05:00,22507,36.0
2021-01-20 18:05:00,22507,0.0
2021-01-20 21:12:00,22535,28.0
2021-01-20 21:33:00,22590,55.0
2021-01-20 21:40:00,22598,8.0
2021-01-20 21:47:00,22615,17.0
2021-01-20 21:54:00,22618,3.0
2021-01-20 22:01:00,22631,13.0
2021-01-20 22:15:00,22647,16.0
2021-01-20 22:29:00,22656,9.0
2021-01-20 22:36:00,22668,12.0
2021-01-20 22:43:00,22671,3.0
2021-01-20 22:50:00,22678,7.0
2021-01-20 23:04:00,22685,7.0
2021-01-20 23:11:00,22691,6.0
2021-01-20 23:25:00,22707,16.0
2021-01-20 23:32:00,22710,3.0
2021-01-20 23:39:00,22711,1.0
2021-01-20 23:46:00,22717,6.0
2021-01-21 00:07:00,22718,1.0
2021-01-21 00:14:00,22719,1.0
2021-01-21 00:21:00,22721,2.0
2021-01-21 00:28:00,22722,1.0
2021-01-21 00:35:00,22723,1.0
2021-01-21 00:42:00,22725,2.0
2021-01-21 00:49:00,22729,4.0
2021-01-21 00:56:00,22733,4.0
2021-01-21 01:03:00,22734,1.0
2021-01-21 01:17:00,22736,2.0
2021-01-21 01:31:00,22738,2.0
2021-01-21 01:45:00,22740,2.0
2021-01-21 02:06:00,22742,2.0
2021-01-21 02:20:00,22744,2.0
2021-01-21 02:27:00,22747,3.0
2021-01-21 02:34:00,22749,2.0
2021-01-21 02:41:00,22753,4.0
2021-01-21 02:48:00,22758,5.0
2021-01-21 03:02:00,22769,11.0
2021-01-21 03:16:00,22775,6.0
2021-01-21 03:23:00,22778,3.0
2021-01-21 03:30:00,22780,2.0
2021-01-21 03:37:00,22782,2.0
2021-01-21 03:44:00,22783,1.0
2021-01-21 03:51:00,22787,4.0
2021-01-21 04:01:00,22794,7.0
2021-01-21 04:19:00,22800,6.0
2021-01-21 04:26:00,22802,2.0
2021-01-21 04:40:00,22803,1.0
2021-01-21 05:01:00,22804,1.0
2021-01-21 05:08:00,22805,1.0
2021-01-21 05:36:00,22806,1.0
2021-01-21 05:43:00,22808,2.0
2021-01-21 05:50:00,22810,2.0
2021-01-21 05:57:00,22812,2.0
2021-01-21 06:04:00,22814,2.0
2021-01-21 06:11:00,22824,10.0
2021-01-21 06:18:00,22828,4.0
2021-01-21 06:32:00,22837,9.0
2021-01-21 06:39:00,22843,6.0
2021-01-21 06:46:00,22856,13.0
2021-01-21 06:53:00,22861,5.0
2021-01-21 07:00:00,22874,13.0
2021-01-21 07:07:00,22889,15.0
2021-01-21 07:14:00,22957,68.0
2021-01-21 07:21:00,23210,253.0
2021-01-21 07:28:00,23335,125.0
2021-01-21 07:35:00,23499,164.0
2021-01-21 07:42:00,23574,75.0
2021-01-21 07:49:00,23632,58.0
2021-01-21 07:56:00,23806,174.0
2021-01-21 08:10:00,24086,280.0
2021-01-21 08:17:00,24203,117.0
2021-01-21 08:24:00,24280,77.0
2021-01-21 08:31:00,24496,216.0
2021-01-21 08:38:00,24593,97.0
2021-01-21 08:46:00,24812,219.0
2021-01-21 08:52:00,24914,102.0
2021-01-21 11:54:00,30777,5863.0
2021-01-21 12:01:00,31447,670.0
2021-01-21 12:08:00,31474,27.0
2021-01-21 12:15:00,32009,535.0
2021-01-21 12:22:00,32248,239.0
2021-01-21 12:29:00,32475,227.0
2021-01-21 12:50:00,33372,897.0
2021-01-21 12:57:00,33480,108.0
2021-01-21 14:56:00,38856,5376.0
2021-01-21 15:03:00,39197,341.0
2021-01-21 15:10:00,39808,611.0
2021-01-21 15:17:00,39973,165.0
2021-01-21 15:24:00,40449,476.0
2021-01-21 15:31:00,41141,692.0
2021-01-21 15:38:00,41430,289.0
2021-01-21 15:52:00,42494,1064.0
2021-01-21 15:59:00,42910,416.0
2021-01-21 16:06:00,43251,341.0
2021-01-21 16:13:00,43888,637.0
2021-01-21 16:20:00,44543,655.0
2021-01-21 16:34:00,44938,395.0
2021-01-21 16:47:00,46239,1301.0
2021-01-21 16:55:00,46682,443.0
2021-01-21 17:09:00,47214,532.0
2021-01-21 17:16:00,47630,416.0
2021-01-21 17:23:00,47849,219.0
2021-01-21 17:30:00,48203,354.0
2021-01-21 17:37:00,48535,332.0
2021-01-21 17:44:00,48707,172.0
2021-01-21 17:51:00,49172,465.0
2021-01-21 17:58:00,49346,174.0
2021-01-21 18:05:00,49614,268.0
2021-01-21 18:12:00,49968,354.0
2021-01-21 18:19:00,50175,207.0
2021-01-21 18:26:00,50557,382.0
2021-01-21 18:33:00,50661,104.0
2021-01-21 18:54:00,51442,781.0
2021-01-21 19:01:00,51819,377.0
2021-01-21 19:08:00,51931,112.0
2021-01-21 19:22:00,52470,539.0
2021-01-21 19:29:00,52594,124.0
2021-01-21 19:36:00,52925,331.0
2021-01-21 19:43:00,52973,48.0
2021-01-21 19:50:00,53310,337.0
2021-01-21 19:57:00,53414,104.0
2021-01-21 23:06:00,55030,1616.0
2021-01-21 23:13:00,55037,7.0
2021-01-21 23:20:00,55045,8.0
2021-01-21 23:27:00,55054,9.0
2021-01-21 23:34:00,55060,6.0
2021-01-21 23:41:00,55069,9.0
2021-01-21 23:55:00,55080,11.0
2021-01-22 00:09:00,55091,11.0
2021-01-22 00:16:00,55099,8.0
2021-01-22 00:23:00,55104,5.0
2021-01-22 00:30:00,55120,16.0
2021-01-22 00:37:00,55129,9.0
2021-01-22 00:44:00,55134,5.0
2021-01-22 00:51:00,55147,13.0
2021-01-22 00:58:00,55153,6.0
2021-01-22 01:05:00,55158,5.0
2021-01-22 01:12:00,55164,6.0
2021-01-22 01:26:00,55175,11.0
2021-01-22 01:33:00,55179,4.0
2021-01-22 01:40:00,55190,11.0
2021-01-22 01:47:00,55195,5.0
2021-01-22 01:54:00,55199,4.0
2021-01-22 02:01:00,55206,7.0
2021-01-22 02:12:00,55213,7.0
2021-01-22 02:22:00,55218,5.0
2021-01-22 02:37:00,110456,55238.0
2021-01-22 07:55:00,56658,-53798.0
2021-01-22 08:05:00,56748,90.0
2021-01-22 08:12:00,56919,171.0
2021-01-22 08:19:00,57013,94.0
2021-01-22 08:26:00,57245,232.0
2021-01-22 08:33:00,57268,23.0
2021-01-22 08:40:00,57329,61.0
2021-01-22 08:47:00,57356,27.0
2021-01-22 08:54:00,57376,20.0
2021-01-22 09:08:00,57483,107.0
2021-01-22 09:15:00,57866,383.0
2021-01-22 09:29:00,58583,717.0
2021-01-22 09:36:00,59343,760.0
2021-01-22 09:43:00,59718,375.0
2021-01-22 10:02:00,61169,1451.0
2021-01-22 10:11:00,62219,1050.0
2021-01-22 10:18:00,62557,338.0
2021-01-22 10:25:00,63331,774.0
2021-01-22 10:32:00,63662,331.0
2021-01-22 10:39:00,64172,510.0
2021-01-22 10:46:00,65071,899.0
2021-01-22 10:53:00,65544,473.0
2021-01-22 11:07:00,66852,1308.0
2021-01-22 11:14:00,67260,408.0
2021-01-22 12:45:00,74501,7241.0
2021-01-22 12:52:00,74789,288.0
2021-01-22 12:59:00,75108,319.0
2021-01-22 13:13:00,75482,374.0
2021-01-22 13:20:00,75604,122.0
2021-01-22 13:27:00,75857,253.0
2021-01-22 13:40:00,76028,171.0
2021-01-22 13:55:00,76257,229.0
2021-01-22 14:02:00,76566,309.0
2021-01-22 14:13:00,77868,1302.0
2021-01-22 14:16:00,77967,99.0
2021-01-22 14:23:00,78510,543.0
2021-01-22 14:30:00,79137,627.0
2021-01-22 14:37:00,80043,906.0
2021-01-22 14:44:00,80599,556.0
2021-01-22 14:58:00,82535,1936.0
2021-01-22 15:12:00,83648,1113.0
2021-01-22 15:19:00,84250,602.0
2021-01-22 15:26:00,85611,1361.0
2021-01-22 15:33:00,86267,656.0
2021-01-22 15:40:00,87509,1242.0
2021-01-22 15:47:00,88115,606.0
2021-01-22 15:54:00,88156,41.0
2021-01-22 16:01:00,89495,1339.0
2021-01-22 16:08:00,90070,575.0
2021-01-22 16:15:00,91108,1038.0
2021-01-22 16:22:00,91510,402.0
2021-01-22 16:29:00,91917,407.0
2021-01-22 16:50:00,93923,2006.0
2021-01-22 16:57:00,94409,486.0
2021-01-22 17:04:00,94941,532.0
2021-01-22 17:30:00,387988,293047.0
2021-01-22 17:35:00,22618,-365370.0
2021-01-22 17:39:00,94941,72323.0
2021-01-22 17:46:00,97345,2404.0
2021-01-22 17:53:00,97345,0.0
2021-01-22 07:53:00,56557,-40788.0
2021-01-22 18:08:00,99317,42760.0
2021-01-22 18:12:00,99444,127.0
2021-01-22 18:19:00,100306,862.0
2021-01-22 18:29:00,100875,569.0
2021-01-22 18:39:00,101403,528.0
2021-01-22 18:50:00,101962,559.0
2021-01-22 18:54:00,102120,158.0
2021-01-22 18:59:00,102432,312.0
2021-01-22 19:04:00,102736,304.0
2021-01-22 19:11:00,102982,246.0
2021-01-22 19:17:00,103362,380.0
2021-01-22 19:34:00,104090,728.0
2021-01-22 19:39:00,104265,175.0
2021-01-22 21:09:00,106487,2222.0
2021-01-22 21:34:00,427372,320885.0
2021-01-22 22:16:00,107102,-320270.0
2021-01-22 23:55:00,107399,297.0
2021-01-23 07:25:00,107890,491.0
2021-01-23 07:30:00,107938,48.0
2021-01-23 07:35:00,108010,72.0
2021-01-23 07:40:00,108075,65.0
2021-01-23 07:50:00,108241,166.0
2021-01-23 07:55:00,108304,63.0
2021-01-23 08:05:00,108476,172.0
2021-01-23 08:10:00,108562,86.0
2021-01-23 08:20:00,108778,216.0
2021-01-23 08:30:00,109022,244.0
2021-01-23 08:40:00,109242,220.0
2021-01-23 08:50:00,109624,382.0
2021-01-23 08:55:00,109832,208.0
2021-01-23 09:05:00,110171,339.0
2021-01-23 09:10:00,110338,167.0
2021-01-23 09:15:00,110564,226.0
2021-01-23 09:25:00,110789,225.0
2021-01-23 09:30:00,111138,349.0
2021-01-23 09:35:00,111344,206.0
2021-01-23 09:40:00,111575,231.0
2021-01-23 09:50:00,112018,443.0
2021-01-23 09:55:00,112212,194.0
2021-01-23 10:05:00,112659,447.0
2021-01-23 10:10:00,112839,180.0
2021-01-23 10:15:00,112999,160.0
2021-01-23 10:25:00,113473,474.0
2021-01-23 10:30:00,113681,208.0
2021-01-23 10:35:00,113873,192.0
2021-01-23 10:40:00,114064,191.0
2021-01-23 10:50:00,114410,346.0
2021-01-23 10:55:00,114620,210.0
2021-01-23 11:05:00,114964,344.0
2021-01-23 11:10:00,115063,99.0
2021-01-23 11:15:00,115314,251.0
2021-01-23 11:25:00,115682,368.0
2021-01-23 11:30:00,115837,155.0
2021-01-23 11:35:00,115865,28.0
2021-01-23 11:40:00,116134,269.0
2021-01-23 11:50:00,116409,275.0
2021-01-23 11:55:00,116548,139.0
2021-01-23 12:05:00,116826,278.0
2021-01-23 12:10:00,116952,126.0
2021-01-23 12:15:00,117103,151.0
2021-01-23 12:25:00,117335,232.0
2021-01-23 12:30:00,117390,55.0
2021-01-23 12:35:00,117524,134.0
2021-01-23 12:40:00,117658,134.0
2021-01-23 12:50:00,117823,165.0
2021-01-23 13:05:00,118068,245.0
2021-01-23 13:10:00,118139,71.0
2021-01-23 13:15:00,118200,61.0
2021-01-23 13:20:00,118312,112.0
2021-01-23 13:25:00,118369,57.0
2021-01-23 13:30:00,118446,77.0
2021-01-23 13:40:00,118627,181.0
2021-01-23 13:50:00,118768,141.0
2021-01-23 14:00:00,118875,107.0
2021-01-23 14:05:00,118968,93.0
2021-01-23 14:10:00,119104,136.0
2021-01-23 14:15:00,119175,71.0
2021-01-23 14:25:00,119314,139.0
2021-01-23 14:30:00,119367,53.0
2021-01-23 14:35:00,119453,86.0
2021-01-23 14:40:00,119527,74.0
2021-01-23 14:50:00,119687,160.0
2021-01-23 14:55:00,119776,89.0
2021-01-23 15:05:00,119916,140.0
2021-01-23 15:10:00,119966,50.0
2021-01-23 15:15:00,120070,104.0
2021-01-23 15:20:00,120144,74.0
2021-01-23 15:30:00,120252,108.0
2021-01-23 15:35:00,120374,122.0
2021-01-23 15:40:00,120451,77.0
2021-01-23 15:50:00,120642,191.0
2021-01-23 15:55:00,120713,71.0
2021-01-23 16:05:00,120893,180.0
2021-01-23 16:10:00,120970,77.0
2021-01-23 16:20:00,121135,165.0
2021-01-23 16:25:00,121225,90.0
2021-01-23 16:30:00,121276,51.0
2021-01-23 16:40:00,121466,190.0
2021-01-23 16:50:00,121615,149.0
2021-01-23 16:55:00,121715,100.0
2021-01-23 17:05:00,121863,148.0
2021-01-23 17:10:00,121959,96.0
2021-01-23 17:15:00,122003,44.0
2021-01-23 17:20:00,122091,88.0
2021-01-23 17:30:00,122206,115.0
2021-01-23 17:35:00,122260,54.0
2021-01-23 17:40:00,122319,59.0
2021-01-23 17:45:00,122376,57.0
2021-01-23 17:50:00,122430,54.0
2021-01-23 17:55:00,122480,50.0
2021-01-23 18:05:00,122614,134.0
2021-01-23 18:10:00,122665,51.0
2021-01-23 18:15:00,122703,38.0
2021-01-23 18:25:00,122838,135.0
2021-01-23 18:30:00,122892,54.0
2021-01-23 18:40:00,123025,133.0
2021-01-23 18:50:00,123100,75.0
2021-01-23 18:55:00,123219,119.0
2021-01-23 19:05:00,123350,131.0
2021-01-23 19:10:00,123372,22.0
2021-01-23 19:15:00,123437,65.0
2021-01-23 19:25:00,123559,122.0
2021-01-23 19:30:00,123623,64.0
2021-01-23 19:35:00,123634,11.0
2021-01-23 19:40:00,123726,92.0
2021-01-23 19:50:00,123813,87.0
2021-01-23 19:55:00,123850,37.0
2021-01-23 20:05:00,123925,75.0
2021-01-23 20:10:00,123956,31.0
2021-01-23 20:15:00,124002,46.0
2021-01-23 20:25:00,124049,47.0
2021-01-23 20:30:00,124067,18.0
2021-01-23 20:35:00,124096,29.0
2021-01-23 20:40:00,124128,32.0
2021-01-23 20:50:00,124179,51.0
2021-01-23 20:55:00,124200,21.0
2021-01-23 21:05:00,124233,33.0
2021-01-23 21:10:00,124251,18.0
2021-01-23 21:20:00,124287,36.0
2021-01-23 21:30:00,124325,38.0
2021-01-23 21:35:00,124335,10.0
2021-01-23 21:40:00,124344,9.0
2021-01-23 21:50:00,124361,17.0
2021-01-23 21:55:00,124369,8.0
2021-01-23 22:05:00,124392,23.0
2021-01-23 22:10:00,124400,8.0
2021-01-23 22:15:00,124404,4.0
2021-01-23 22:25:00,124417,13.0
2021-01-23 22:30:00,124422,5.0
2021-01-23 22:35:00,124426,4.0
2021-01-23 22:40:00,124431,5.0
2021-01-23 22:50:00,124438,7.0
2021-01-23 22:55:00,124441,3.0
2021-01-23 23:05:00,124450,9.0
2021-01-23 23:15:00,124456,6.0
2021-01-23 23:25:00,124465,9.0
2021-01-23 23:30:00,124469,4.0
2021-01-23 23:35:00,124471,2.0
2021-01-23 23:40:00,124478,7.0
2021-01-23 23:50:00,124483,5.0
2021-01-24 00:05:00,124496,13.0
2021-01-24 00:10:00,124501,5.0
2021-01-24 00:15:00,124502,1.0
2021-01-24 00:25:00,124511,9.0
2021-01-24 00:30:00,124514,3.0
2021-01-24 00:35:00,124516,2.0
2021-01-24 00:40:00,124518,2.0
2021-01-24 00:50:00,124523,5.0
2021-01-24 00:55:00,124525,2.0
2021-01-24 01:00:00,124528,3.0
2021-01-24 01:10:00,124532,4.0
2021-01-24 01:15:00,124534,2.0
2021-01-24 01:25:00,124543,9.0
2021-01-24 01:30:00,124547,4.0
2021-01-24 01:35:00,124551,4.0
2021-01-24 01:40:00,124555,4.0
2021-01-24 01:50:00,124560,5.0
2021-01-24 02:05:00,124566,6.0
2021-01-24 02:10:00,124568,2.0
2021-01-24 02:15:00,124570,2.0
2021-01-24 02:20:00,124571,1.0
2021-01-24 02:30:00,124574,3.0
2021-01-24 02:40:00,124578,4.0
2021-01-24 02:50:00,124582,4.0
2021-01-24 02:55:00,124584,2.0
2021-01-24 03:05:00,124588,4.0
2021-01-24 03:10:00,124595,7.0
2021-01-24 03:15:00,124598,3.0
2021-01-24 03:20:00,124602,4.0
2021-01-24 03:25:00,124604,2.0
2021-01-24 03:35:00,124605,1.0
2021-01-24 03:40:00,124606,1.0
2021-01-24 03:50:00,124608,2.0
2021-01-24 03:55:00,124610,2.0
2021-01-24 04:05:00,124613,3.0
2021-01-24 04:10:00,124615,2.0
2021-01-24 04:20:00,124617,2.0
2021-01-24 04:30:00,124620,3.0
2021-01-24 04:35:00,124622,2.0
2021-01-24 04:40:00,124623,1.0
2021-01-24 04:50:00,124629,6.0
2021-01-24 04:55:00,124632,3.0
2021-01-24 05:00:00,124635,3.0
2021-01-24 05:10:00,124641,6.0
2021-01-24 05:15:00,124643,2.0
2021-01-24 05:25:00,124646,3.0
2021-01-24 05:35:00,124650,4.0
2021-01-24 05:40:00,124651,1.0
2021-01-24 05:50:00,124660,9.0
2021-01-24 05:55:00,124662,2.0
2021-01-24 06:00:00,124665,3.0
2021-01-24 06:10:00,124673,8.0
2021-01-24 06:15:00,124679,6.0
2021-01-24 06:25:00,124684,5.0
2021-01-24 06:30:00,124691,7.0
2021-01-24 06:40:00,124697,6.0
2021-01-24 06:50:00,124705,8.0
2021-01-24 06:55:00,124707,2.0
2021-01-24 07:05:00,124712,5.0
2021-01-24 07:10:00,124715,3.0
2021-01-24 07:15:00,124720,5.0
2021-01-24 07:20:00,124724,4.0
2021-01-24 07:30:00,124756,32.0
2021-01-24 07:35:00,124773,17.0
2021-01-24 07:45:00,124822,49.0
2021-01-24 07:50:00,124859,37.0
2021-01-24 07:55:00,124894,35.0
2021-01-24 08:05:00,124946,52.0
2021-01-24 08:10:00,124968,22.0
2021-01-24 08:15:00,124990,22.0
2021-01-24 08:20:00,125011,21.0
2021-01-24 08:30:00,125073,62.0
2021-01-24 08:35:00,125101,28.0
2021-01-24 08:40:00,125137,36.0
2021-01-24 08:50:00,125203,66.0
2021-01-24 08:55:00,125274,71.0
2021-01-24 09:00:00,125326,52.0
2021-01-24 09:05:00,125373,47.0
2021-01-24 09:10:00,125420,47.0
2021-01-24 09:15:00,125476,56.0
2021-01-24 09:25:00,125580,104.0
2021-01-24 09:30:00,125633,53.0
2021-01-24 09:35:00,125681,48.0
2021-01-24 09:40:00,125731,50.0
2021-01-24 09:50:00,125838,107.0
2021-01-24 09:55:00,125887,49.0
2021-01-24 10:05:00,125972,85.0
2021-01-24 10:10:00,126025,53.0
2021-01-24 10:15:00,126075,50.0
2021-01-24 10:20:00,126121,46.0
2021-01-24 13:10:00,127630,1509.0
2021-01-24 13:15:00,127670,40.0
2021-01-24 13:20:00,127712,42.0
2021-01-24 13:25:00,127750,38.0
2021-01-24 13:35:00,127814,64.0
2021-01-24 13:40:00,127881,67.0
2021-01-24 13:50:00,127947,66.0
2021-01-24 13:55:00,127988,41.0
2021-01-24 14:05:00,128074,86.0
2021-01-24 14:10:00,128090,16.0
2021-01-24 14:15:00,128170,80.0
2021-01-24 14:25:00,128274,104.0
2021-01-24 14:35:00,128339,65.0
2021-01-24 14:50:00,128451,112.0
2021-01-24 14:55:00,128514,63.0
2021-01-24 15:05:00,128604,90.0
2021-01-24 15:10:00,128662,58.0
2021-01-24 15:15:00,128694,32.0
2021-01-24 15:25:00,128796,102.0
2021-01-24 15:30:00,128807,11.0
2021-01-24 15:35:00,128869,62.0
2021-01-24 15:40:00,128931,62.0
2021-01-24 15:45:00,128990,59.0
2021-01-24 15:55:00,129080,90.0
2021-01-24 16:05:00,129144,64.0
2021-01-24 16:10:00,129207,63.0
2021-01-24 16:20:00,129288,81.0
2021-01-24 16:25:00,129331,43.0
2021-01-24 16:30:00,129350,19.0
2021-01-24 16:35:00,129374,24.0
2021-01-24 16:40:00,129402,28.0
2021-01-24 16:50:00,129453,51.0
2021-01-24 16:55:00,129477,24.0
2021-01-24 17:05:00,129550,73.0
2021-01-24 17:10:00,129594,44.0
2021-01-24 17:15:00,129619,25.0
2021-01-24 17:25:00,129717,98.0
2021-01-24 17:30:00,129760,43.0
2021-01-24 17:35:00,129796,36.0
2021-01-24 17:40:00,129842,46.0
2021-01-24 17:55:00,129923,81.0
2021-01-24 18:00:00,129993,70.0
2021-01-24 18:05:00,130040,47.0
2021-01-24 18:10:00,130079,39.0
2021-01-24 18:15:00,130133,54.0
2021-01-24 18:25:00,130197,64.0
2021-01-24 18:30:00,130222,25.0
2021-01-24 18:35:00,130244,22.0
2021-01-24 18:40:00,130269,25.0
2021-01-24 18:50:00,130321,52.0
2021-01-24 18:55:00,130328,7.0
2021-01-24 19:05:00,130390,62.0
2021-01-24 19:10:00,130405,15.0
2021-01-24 19:15:00,130424,19.0
2021-01-24 19:25:00,130471,47.0
2021-01-24 19:30:00,130494,23.0
2021-01-24 19:35:00,130515,21.0
2021-01-24 19:40:00,130535,20.0
2021-01-24 19:50:00,130578,43.0
2021-01-24 19:55:00,130593,15.0
2021-01-24 20:05:00,130622,29.0
2021-01-24 20:10:00,130627,5.0
2021-01-24 20:15:00,130656,29.0
2021-01-24 20:25:00,130676,20.0
2021-01-24 20:30:00,130686,10.0
2021-01-24 20:35:00,130701,15.0
2021-01-24 20:50:00,130746,45.0
2021-01-24 20:55:00,130759,13.0
2021-01-24 21:05:00,130784,25.0
2021-01-24 21:10:00,130792,8.0
2021-01-24 21:15:00,130800,8.0
2021-01-24 21:25:00,130819,19.0
2021-01-24 21:35:00,130834,15.0
2021-01-24 21:45:00,130844,10.0
2021-01-24 21:55:00,130865,21.0
2021-01-24 22:05:00,130876,11.0
2021-01-24 22:10:00,130892,16.0
2021-01-24 22:15:00,130895,3.0
2021-01-24 22:20:00,130897,2.0
2021-01-24 22:30:00,130903,6.0
2021-01-24 22:35:00,130909,6.0
2021-01-24 22:45:00,130920,11.0
2021-01-24 22:55:00,130927,7.0
2021-01-24 23:00:00,130930,3.0
2021-01-24 23:10:00,130932,2.0
2021-01-24 23:15:00,130941,9.0
2021-01-24 23:25:00,130945,4.0
2021-01-24 23:35:00,130950,5.0
2021-01-25 00:05:00,130953,3.0
2021-01-25 00:35:00,130954,1.0
2021-01-25 00:45:00,130955,1.0
2021-01-25 00:55:00,130956,1.0
2021-01-25 01:05:00,130959,3.0
2021-01-25 01:20:00,130961,2.0
2021-01-25 01:25:00,130962,1.0
2021-01-25 01:30:00,130964,2.0
2021-01-25 01:35:00,130967,3.0
2021-01-25 01:40:00,130969,2.0
2021-01-25 01:50:00,130978,9.0
2021-01-25 01:55:00,130982,4.0
2021-01-25 02:05:00,130993,11.0
2021-01-25 02:10:00,130997,4.0
2021-01-25 02:15:00,131000,3.0
2021-01-25 02:25:00,131010,10.0
2021-01-25 02:30:00,131015,5.0
2021-01-25 02:35:00,131017,2.0
2021-01-25 02:40:00,131021,4.0
2021-01-25 03:45:00,131022,1.0
2021-01-25 03:55:00,131023,1.0
2021-01-25 04:00:00,131025,2.0
2021-01-25 04:10:00,131027,2.0
2021-01-25 04:15:00,131029,2.0
2021-01-25 04:25:00,131031,2.0
2021-01-25 04:30:00,131033,2.0
2021-01-25 04:35:00,131034,1.0
2021-01-25 04:40:00,131036,2.0
2021-01-25 04:45:00,131038,2.0
2021-01-25 04:55:00,131040,2.0
2021-01-25 06:30:00,131045,5.0
2021-01-25 06:35:00,131049,4.0
2021-01-25 06:40:00,131060,11.0
2021-01-25 06:50:00,131067,7.0
2021-01-25 06:55:00,131078,11.0
2021-01-25 07:05:00,131110,32.0
2021-01-25 07:10:00,131129,19.0
2021-01-25 07:20:00,131193,64.0
2021-01-25 07:25:00,131199,6.0
2021-01-25 07:30:00,131243,44.0
2021-01-25 07:35:00,131332,89.0
2021-01-25 07:40:00,131395,63.0
2021-01-25 07:50:00,131540,145.0
2021-01-25 07:55:00,131627,87.0
2021-01-25 08:05:00,131761,134.0
2021-01-25 08:10:00,131813,52.0
2021-01-25 08:20:00,132058,245.0
2021-01-25 08:30:00,132320,262.0
2021-01-25 08:35:00,132419,99.0
2021-01-25 08:40:00,132451,32.0
2021-01-25 08:50:00,132853,402.0
2021-01-25 08:55:00,132905,52.0
2021-01-25 09:05:00,133375,470.0
2021-01-25 09:10:00,133557,182.0
2021-01-25 09:15:00,134091,534.0
2021-01-25 09:20:00,134311,220.0
2021-01-25 09:30:00,134727,416.0
2021-01-25 09:35:00,134744,17.0
2021-01-25 09:40:00,135158,414.0
2021-01-25 09:50:00,135605,447.0
2021-01-25 09:55:00,135829,224.0
2021-01-25 10:05:00,136223,394.0
2021-01-25 10:10:00,136358,135.0
2021-01-25 10:15:00,136658,300.0
2021-01-25 10:20:00,136956,298.0
2021-01-25 10:30:00,137277,321.0
2021-01-25 10:35:00,137540,263.0
2021-01-25 10:40:00,137800,260.0
2021-01-25 10:50:00,138310,510.0
2021-01-25 10:55:00,138518,208.0
2021-01-25 11:05:00,139152,634.0
2021-01-25 11:10:00,139428,276.0
2021-01-25 11:15:00,139618,190.0
2021-01-25 11:25:00,139906,288.0
2021-01-25 11:30:00,140085,179.0
2021-01-25 11:35:00,140488,403.0
2021-01-25 11:40:00,140734,246.0
2021-01-25 11:45:00,140773,39.0
2021-01-25 11:55:00,141180,407.0
2021-01-25 12:05:00,141400,220.0
2021-01-25 12:10:00,141502,102.0
2021-01-25 12:15:00,141613,111.0
2021-01-25 12:20:00,141869,256.0
2021-01-25 12:25:00,142096,227.0
2021-01-25 12:35:00,142441,345.0
2021-01-25 12:40:00,142665,224.0
2021-01-25 12:50:00,142890,225.0
2021-01-25 12:55:00,143081,191.0
2021-01-25 13:05:00,143481,400.0
2021-01-25 13:10:00,143690,209.0
2021-01-25 13:20:00,143976,286.0
2021-01-25 13:30:00,144234,258.0
2021-01-25 13:35:00,144311,77.0
2021-01-25 13:40:00,144429,118.0
2021-01-25 13:50:00,144527,98.0
2021-01-25 13:55:00,144546,19.0
2021-01-25 14:05:00,144606,60.0
2021-01-25 14:10:00,144636,30.0
2021-01-25 14:15:00,144640,4.0
2021-01-25 14:25:00,144801,161.0
2021-01-25 14:30:00,144866,65.0
2021-01-25 14:35:00,144904,38.0
2021-01-25 14:40:00,144942,38.0
2021-01-25 14:50:00,144988,46.0
2021-01-25 14:55:00,145048,60.0
2021-01-25 15:05:00,145125,77.0
2021-01-25 15:10:00,145167,42.0
2021-01-25 15:20:00,145209,42.0
2021-01-25 15:25:00,145260,51.0
2021-01-25 15:35:00,145353,93.0
2021-01-25 15:40:00,145396,43.0
2021-01-25 15:50:00,145449,53.0
2021-01-25 15:55:00,145518,69.0
2021-01-25 16:05:00,145569,51.0
2021-01-25 16:10:00,145633,64.0
2021-01-25 16:20:00,145731,98.0
2021-01-25 16:30:00,145809,78.0
2021-01-25 16:40:00,145865,56.0
2021-01-25 16:45:00,145918,53.0
2021-01-25 16:50:00,145943,25.0
2021-01-25 16:55:00,145998,55.0
2021-01-25 17:05:00,146202,204.0
2021-01-25 17:10:00,146339,137.0
2021-01-25 17:15:00,146442,103.0
2021-01-25 17:20:00,146743,301.0
2021-01-25 17:30:00,147142,399.0
2021-01-25 17:35:00,147379,237.0
2021-01-25 17:40:00,147546,167.0
2021-01-25 17:50:00,147957,411.0
2021-01-25 18:05:00,148370,413.0
2021-01-25 18:10:00,148686,316.0
2021-01-25 18:15:00,148891,205.0
2021-01-25 18:25:00,149243,352.0
2021-01-25 18:30:00,149401,158.0
2021-01-25 18:40:00,149752,351.0
2021-01-25 18:50:00,149960,208.0
2021-01-25 18:55:00,150125,165.0
2021-01-25 19:05:00,150415,290.0
2021-01-25 19:10:00,150539,124.0
2021-01-25 19:20:00,150789,250.0
2021-01-25 19:25:00,150918,129.0
2021-01-25 19:30:00,151070,152.0
2021-01-25 19:35:00,151125,55.0
2021-01-25 19:40:00,151233,108.0
2021-01-25 19:50:00,151436,203.0
2021-01-25 19:55:00,151502,66.0
2021-01-25 20:05:00,151596,94.0
2021-01-25 20:10:00,151657,61.0
2021-01-25 20:15:00,151744,87.0
2021-01-25 20:25:00,151911,167.0
2021-01-25 20:30:00,151985,74.0
2021-01-25 20:35:00,152042,57.0
2021-01-25 20:40:00,152054,12.0
2021-01-25 20:50:00,152167,113.0
2021-01-25 21:05:00,152347,180.0
2021-01-25 21:10:00,152381,34.0
2021-01-25 21:15:00,152385,4.0
2021-01-25 21:25:00,152517,132.0
2021-01-25 21:30:00,152563,46.0
2021-01-25 21:35:00,152605,42.0
2021-01-25 21:50:00,152698,93.0
2021-01-25 21:55:00,152733,35.0
2021-01-25 22:05:00,152797,64.0
2021-01-25 22:10:00,152843,46.0
2021-01-25 22:20:00,152904,61.0
2021-01-25 22:30:00,152945,41.0
2021-01-25 22:35:00,152967,22.0
2021-01-25 22:40:00,152988,21.0
2021-01-25 22:50:00,153027,39.0
2021-01-25 22:55:00,153055,28.0
2021-01-25 23:05:00,153082,27.0
2021-01-25 23:10:00,153083,1.0
2021-01-25 23:15:00,153101,18.0
2021-01-25 23:25:00,153133,32.0
2021-01-25 23:30:00,153141,8.0
2021-01-25 23:40:00,153154,13.0
2021-01-25 23:50:00,153166,12.0
2021-01-25 23:55:00,153167,1.0
2021-01-26 00:05:00,153174,7.0
2021-01-26 00:15:00,153175,1.0
2021-01-26 00:25:00,153178,3.0
2021-01-26 00:35:00,153179,1.0
2021-01-26 00:40:00,153181,2.0
2021-01-26 00:50:00,153186,5.0
2021-01-26 00:55:00,153187,1.0
2021-01-26 01:00:00,153188,1.0
2021-01-26 01:15:00,153192,4.0
2021-01-26 01:25:00,153194,2.0
2021-01-26 01:35:00,153195,1.0
2021-01-26 01:40:00,153196,1.0
2021-01-26 02:00:00,153197,1.0
2021-01-26 02:20:00,153198,1.0
2021-01-26 02:30:00,153200,2.0
2021-01-26 02:35:00,153201,1.0
2021-01-26 02:40:00,153202,1.0
2021-01-26 02:50:00,153204,2.0
2021-01-26 02:55:00,153205,1.0
2021-01-26 03:05:00,153206,1.0
2021-01-26 03:10:00,153207,1.0
2021-01-26 03:35:00,153208,1.0
2021-01-26 03:45:00,153209,1.0
2021-01-26 05:30:00,153210,1.0
2021-01-26 06:00:00,153211,1.0
2021-01-26 06:10:00,153213,2.0
2021-01-26 06:20:00,153221,8.0
2021-01-26 06:30:00,153232,11.0
2021-01-26 06:35:00,153249,17.0
2021-01-26 06:40:00,153261,12.0
2021-01-26 06:50:00,153319,58.0
2021-01-26 06:55:00,153346,27.0
2021-01-26 07:05:00,153424,78.0
2021-01-26 07:10:00,153493,69.0
2021-01-26 07:15:00,153589,96.0
2021-01-26 07:20:00,153695,106.0
2021-01-26 07:30:00,153963,268.0
2021-01-26 07:35:00,154105,142.0
2021-01-26 07:40:00,154206,101.0
2021-01-26 07:50:00,154549,343.0
2021-01-26 07:55:00,154757,208.0
2021-01-26 08:05:00,154975,218.0
2021-01-26 08:10:00,155235,260.0
2021-01-26 08:20:00,155739,504.0
2021-01-26 08:30:00,156285,546.0
2021-01-26 08:35:00,156595,310.0
2021-01-26 08:40:00,156883,288.0
2021-01-26 08:50:00,157567,684.0
2021-01-26 08:55:00,157864,297.0
2021-01-26 09:05:00,158347,483.0
2021-01-26 09:10:00,158527,180.0
2021-01-26 09:15:00,158717,190.0
2021-01-26 09:25:00,159090,373.0
2021-01-26 09:35:00,159335,245.0
2021-01-26 09:40:00,159470,135.0
2021-01-26 09:50:00,160210,740.0
2021-01-26 09:55:00,160555,345.0
2021-01-26 10:05:00,161054,499.0
2021-01-26 10:10:00,161560,506.0
2021-01-26 10:15:00,161973,413.0
2021-01-26 10:25:00,162656,683.0
2021-01-26 10:30:00,162877,221.0
2021-01-26 10:35:00,163098,221.0
2021-01-26 10:40:00,163430,332.0
2021-01-26 10:55:00,164621,1191.0
2021-01-26 11:05:00,165384,763.0
2021-01-26 11:15:00,166271,887.0
2021-01-26 11:20:00,166794,523.0
2021-01-26 11:30:00,167734,940.0
2021-01-26 11:40:00,168665,931.0
2021-01-26 11:45:00,169168,503.0
2021-01-26 11:50:00,169649,481.0
2021-01-26 11:55:00,170183,534.0
2021-01-26 12:05:00,170665,482.0
2021-01-26 12:10:00,171190,525.0
2021-01-26 12:20:00,171952,762.0
2021-01-26 12:25:00,172301,349.0
2021-01-26 12:30:00,172633,332.0
2021-01-26 12:40:00,173263,630.0
2021-01-26 12:45:00,173508,245.0
2021-01-26 12:50:00,173774,266.0
2021-01-26 12:55:00,174035,261.0
2021-01-26 13:05:00,174503,468.0
2021-01-26 13:10:00,174700,197.0
2021-01-26 13:15:00,174912,212.0
2021-01-26 13:25:00,175496,584.0
2021-01-26 13:30:00,175786,290.0
2021-01-26 13:40:00,176482,696.0
2021-01-26 13:50:00,177010,528.0
2021-01-26 13:55:00,177350,340.0
2021-01-26 14:05:00,178034,684.0
2021-01-26 14:10:00,178405,371.0
2021-01-26 14:20:00,178908,503.0
2021-01-26 14:25:00,179208,300.0
2021-01-26 14:30:00,179582,374.0
2021-01-26 14:35:00,180015,433.0
2021-01-26 14:40:00,180112,97.0
2021-01-26 14:50:00,181440,1328.0
2021-01-26 14:56:00,182062,622.0
2021-01-26 15:05:00,182493,431.0
2021-01-26 15:10:00,183033,540.0
2021-01-26 15:15:00,183942,909.0
2021-01-26 15:25:00,184987,1045.0
2021-01-26 15:30:00,185412,425.0
2021-01-26 15:40:00,185793,381.0
2021-01-26 15:50:00,186512,719.0
2021-01-26 15:55:00,187096,584.0
2021-01-26 16:05:00,187579,483.0
2021-01-26 16:10:00,188281,702.0
2021-01-26 16:15:00,188957,676.0
2021-01-26 16:25:00,189610,653.0
2021-01-26 16:35:00,190506,896.0
2021-01-26 16:45:00,191364,858.0
2021-01-26 16:55:00,191747,383.0
2021-01-26 17:05:00,192405,658.0
2021-01-26 17:15:00,192705,300.0
2021-01-26 17:20:00,192974,269.0
2021-01-26 17:25:00,193241,267.0
2021-01-26 17:30:00,193563,322.0
2021-01-26 17:40:00,193874,311.0
2021-01-26 17:45:00,194088,214.0
2021-01-26 17:50:00,194250,162.0
2021-01-26 18:05:00,194626,376.0
2021-01-26 18:15:00,195028,402.0
2021-01-26 18:25:00,195173,145.0
2021-01-26 18:30:00,195329,156.0
2021-01-26 18:35:00,195517,188.0
2021-01-26 18:45:00,195774,257.0
2021-01-26 18:50:00,195934,160.0
2021-01-26 18:55:00,195969,35.0
2021-01-26 19:05:00,196246,277.0
2021-01-26 19:10:00,196374,128.0
2021-01-26 19:15:00,196467,93.0
2021-01-26 19:20:00,196535,68.0
2021-01-26 19:30:00,196694,159.0
2021-01-26 19:35:00,196779,85.0
2021-01-26 19:40:00,196848,69.0
2021-01-26 19:50:00,196918,70.0
2021-01-26 19:55:00,197004,86.0
2021-01-26 20:05:00,197061,57.0
2021-01-26 20:10:00,197141,80.0
2021-01-26 20:15:00,197185,44.0
2021-01-26 20:25:00,197259,74.0
2021-01-26 20:30:00,197334,75.0
2021-01-26 20:35:00,197378,44.0
2021-01-26 20:45:00,197481,103.0
2021-01-26 20:50:00,197521,40.0
2021-01-26 20:55:00,197541,20.0
2021-01-26 21:05:00,197632,91.0
2021-01-26 21:10:00,197672,40.0
2021-01-26 21:15:00,197716,44.0
2021-01-26 21:30:00,197815,99.0
2021-01-26 21:35:00,197844,29.0
2021-01-26 21:40:00,197872,28.0
2021-01-26 21:45:00,197892,20.0
2021-01-26 21:55:00,197938,46.0
2021-01-26 22:05:00,197981,43.0
2021-01-26 22:10:00,197997,16.0
2021-01-26 22:20:00,198021,24.0
2021-01-26 22:30:00,198046,25.0
2021-01-26 22:35:00,198056,10.0
2021-01-26 22:40:00,198064,8.0
2021-01-26 22:50:00,198086,22.0
2021-01-26 22:55:00,198104,18.0
2021-01-26 23:05:00,198119,15.0
2021-01-26 23:10:00,198127,8.0
2021-01-26 23:15:00,198136,9.0
2021-01-26 23:20:00,198143,7.0
2021-01-26 23:30:00,198166,23.0
2021-01-26 23:35:00,198172,6.0
2021-01-26 23:40:00,198183,11.0
2021-01-26 23:50:00,198208,25.0
2021-01-26 23:55:00,198215,7.0
2021-01-27 00:05:00,198216,1.0
2021-01-27 00:10:00,198222,6.0
2021-01-27 00:20:00,198228,6.0
2021-01-27 00:25:00,198231,3.0
2021-01-27 00:35:00,198237,6.0
2021-01-27 00:40:00,198238,1.0
2021-01-27 00:45:00,198241,3.0
2021-01-27 00:55:00,198244,3.0
2021-01-27 01:00:00,198249,5.0
2021-01-27 01:10:00,198251,2.0
2021-01-27 01:20:00,198258,7.0
2021-01-27 01:25:00,198260,2.0
2021-01-27 01:30:00,198266,6.0
2021-01-27 01:40:00,198269,3.0
2021-01-27 01:50:00,198274,5.0
2021-01-27 01:55:00,198277,3.0
2021-01-27 02:05:00,198283,6.0
2021-01-27 02:10:00,198286,3.0
2021-01-27 02:15:00,198288,2.0
2021-01-27 02:25:00,198295,7.0
2021-01-27 02:30:00,198298,3.0
2021-01-27 02:35:00,198300,2.0
2021-01-27 02:50:00,198307,7.0
2021-01-27 03:05:00,198315,8.0
2021-01-27 03:10:00,198319,4.0
2021-01-27 03:20:00,198323,4.0
2021-01-27 03:25:00,198327,4.0
2021-01-27 03:30:00,198329,2.0
2021-01-27 03:35:00,198330,1.0
2021-01-27 03:40:00,198333,3.0
2021-01-27 03:45:00,198336,3.0
2021-01-27 03:55:00,198341,5.0
2021-01-27 04:05:00,198345,4.0
2021-01-27 04:10:00,198346,1.0
2021-01-27 04:20:00,198351,5.0
2021-01-27 04:30:00,198356,5.0
2021-01-27 04:35:00,198360,4.0
2021-01-27 04:40:00,198363,3.0
2021-01-27 04:45:00,198364,1.0
2021-01-27 04:55:00,198366,2.0
2021-01-27 05:05:00,198373,7.0
2021-01-27 06:00:00,198377,4.0
2021-01-27 06:10:00,198381,4.0
2021-01-27 06:20:00,198384,3.0
2021-01-27 06:30:00,198396,12.0
2021-01-27 06:35:00,198403,7.0
2021-01-27 06:40:00,198406,3.0
2021-01-27 06:50:00,198429,23.0
2021-01-27 06:55:00,198439,10.0
2021-01-27 07:05:00,198488,49.0
2021-01-27 07:10:00,198528,40.0
2021-01-27 07:15:00,198584,56.0
2021-01-27 07:25:00,198671,87.0
2021-01-27 07:30:00,198854,183.0
2021-01-27 07:35:00,198952,98.0
2021-01-27 07:45:00,199216,264.0
2021-01-27 07:50:00,199252,36.0
2021-01-27 07:55:00,199451,199.0
2021-01-27 08:05:00,199870,419.0
2021-01-27 08:10:00,200079,209.0
2021-01-27 08:15:00,200217,138.0
2021-01-27 08:20:00,200531,314.0
2021-01-27 08:30:00,201000,469.0
2021-01-27 08:40:00,201328,328.0
2021-01-27 08:45:00,201671,343.0
2021-01-27 08:50:00,201913,242.0
2021-01-27 08:55:00,202183,270.0
2021-01-27 09:05:00,202655,472.0
2021-01-27 09:10:00,202996,341.0
2021-01-27 09:15:00,203005,9.0
2021-01-27 09:20:00,203324,319.0
2021-01-27 09:25:00,203491,167.0
2021-01-27 09:30:00,203737,246.0
2021-01-27 09:35:00,203751,14.0
2021-01-27 09:40:00,204417,666.0
2021-01-27 09:50:00,205168,751.0
2021-01-27 09:55:00,205492,324.0
2021-01-27 10:05:00,205766,274.0
2021-01-27 10:15:00,205912,146.0
2021-01-27 10:20:00,206161,249.0
2021-01-27 10:30:00,206302,141.0
2021-01-27 10:35:00,206523,221.0
2021-01-27 10:40:00,206603,80.0
2021-01-27 10:50:00,207146,543.0
2021-01-27 10:55:00,207367,221.0
2021-01-27 11:00:00,207439,72.0
2021-01-27 11:10:00,207939,500.0
2021-01-27 11:15:00,208232,293.0
2021-01-27 11:20:00,208546,314.0
2021-01-27 11:30:00,209085,539.0
2021-01-27 11:35:00,209408,323.0
2021-01-27 11:40:00,209775,367.0
2021-01-27 11:50:00,210417,642.0
2021-01-27 11:55:00,210819,402.0
2021-01-27 12:00:00,211259,440.0
2021-01-27 12:10:00,211504,245.0
2021-01-27 12:15:00,211792,288.0
2021-01-27 12:20:00,212073,281.0
2021-01-27 16:07:00,224073,12000.0
2021-01-27 16:15:00,224844,771.0
2021-01-27 16:20:00,224936,92.0
2021-01-27 16:25:00,225261,325.0
2021-01-27 16:30:00,225803,542.0
2021-01-27 16:35:00,226404,601.0
2021-01-27 16:40:00,226803,399.0
2021-01-27 16:50:00,228001,1198.0
2021-01-27 17:05:00,228966,965.0
2021-01-27 17:10:00,229348,382.0
2021-01-27 17:15:00,229733,385.0
2021-01-27 17:25:00,230103,370.0
2021-01-27 17:30:00,230463,360.0
2021-01-27 17:35:00,230858,395.0
2021-01-27 17:40:00,231207,349.0
2021-01-27 17:50:00,231491,284.0
2021-01-27 17:55:00,231836,345.0
2021-01-27 18:00:00,232106,270.0
2021-01-27 18:10:00,232359,253.0
2021-01-27 18:20:00,232841,482.0
2021-01-27 18:25:00,233098,257.0
2021-01-27 18:35:00,233361,263.0
2021-01-27 18:40:00,233577,216.0
2021-01-27 18:50:00,233913,336.0
2021-01-27 18:55:00,234088,175.0
2021-01-27 19:05:00,234236,148.0
2021-01-27 19:15:00,234478,242.0
2021-01-27 19:20:00,234587,109.0
2021-01-27 19:25:00,234608,21.0
2021-01-27 19:30:00,234710,102.0
2021-01-27 19:35:00,234830,120.0
2021-01-27 19:40:00,234952,122.0
2021-01-27 19:50:00,235203,251.0
2021-01-27 20:00:00,235341,138.0
2021-01-27 20:05:00,235448,107.0
2021-01-27 20:20:00,235796,348.0
2021-01-27 20:30:00,235904,108.0
2021-01-27 20:35:00,236013,109.0
2021-01-27 20:40:00,236149,136.0
2021-01-27 20:50:00,236310,161.0
2021-01-27 20:55:00,236380,70.0
2021-01-27 21:00:00,236477,97.0
2021-01-27 21:10:00,236614,137.0
2021-01-27 21:20:00,236734,120.0
2021-01-27 21:25:00,236806,72.0
2021-01-27 21:30:00,236862,56.0
2021-01-27 21:40:00,236975,113.0
2021-01-27 21:50:00,237075,100.0
2021-01-27 21:55:00,237113,38.0
2021-01-27 22:05:00,237173,60.0
2021-01-27 22:15:00,237226,53.0
2021-01-27 22:20:00,237247,21.0
2021-01-27 22:25:00,237270,23.0
2021-01-27 22:30:00,237298,28.0
2021-01-27 22:35:00,237317,19.0
2021-01-27 22:40:00,237337,20.0
2021-01-27 22:50:00,237366,29.0
2021-01-27 22:55:00,237377,11.0
2021-01-27 23:05:00,237398,21.0
2021-01-27 23:10:00,237413,15.0
2021-01-27 23:15:00,237424,11.0
2021-01-27 23:20:00,237435,11.0
2021-01-27 23:30:00,237451,16.0
2021-01-27 23:35:00,237463,12.0
2021-01-27 23:40:00,237476,13.0
2021-01-27 23:50:00,237493,17.0
2021-01-27 23:55:00,237510,17.0
2021-01-28 00:05:00,237529,19.0
2021-01-28 00:10:00,237541,12.0
2021-01-28 00:20:00,237559,18.0
2021-01-28 00:30:00,237602,43.0
2021-01-28 00:40:00,237630,28.0
2021-01-28 00:50:00,237664,34.0
2021-01-28 00:55:00,237674,10.0
2021-01-28 01:05:00,237686,12.0
2021-01-28 01:10:00,237699,13.0
2021-01-28 01:20:00,237708,9.0
2021-01-28 01:30:00,237717,9.0
2021-01-28 01:35:00,237718,1.0
2021-01-28 01:40:00,237720,2.0
2021-01-28 01:50:00,237726,6.0
2021-01-28 01:55:00,237728,2.0
2021-01-28 02:05:00,237739,11.0
2021-01-28 02:10:00,237740,1.0
2021-01-28 03:15:00,237741,1.0
2021-01-28 03:25:00,237743,2.0
2021-01-28 03:30:00,237744,1.0
2021-01-28 03:35:00,237745,1.0
2021-01-28 03:40:00,237746,1.0
2021-01-28 03:45:00,237749,3.0
2021-01-28 03:55:00,237750,1.0
2021-01-28 04:05:00,237752,2.0
2021-01-28 04:10:00,237753,1.0
2021-01-28 04:20:00,237756,3.0
2021-01-28 10:35:00,253492,15736.0
2021-01-28 10:40:00,254458,966.0
2021-01-28 10:45:00,255097,639.0
2021-01-28 10:50:00,255157,60.0
2021-01-28 11:00:00,256545,1388.0
2021-01-28 11:05:00,257063,518.0
2021-01-28 11:10:00,258158,1095.0
2021-01-28 11:20:00,259172,1014.0
2021-01-28 11:30:00,260492,1320.0
2021-01-28 12:00:00,263952,3460.0
2021-01-28 12:35:00,267043,3091.0
2021-01-28 13:00:00,268728,1685.0
2021-01-28 13:35:00,272046,3318.0
2021-01-28 14:00:00,274277,2231.0
2021-01-28 14:35:00,278346,4069.0
2021-01-28 15:00:00,282250,3904.0
2021-01-28 15:35:00,287211,4961.0
2021-01-28 16:05:00,291455,4244.0
2021-01-28 16:35:00,294886,3431.0
2021-01-28 17:05:00,298074,3188.0
2021-01-28 17:25:00,300040,1966.0
2021-01-28 17:50:00,301944,1904.0
2021-01-28 18:25:00,304033,2089.0
2021-01-28 18:55:00,305590,1557.0
2021-01-28 19:25:00,306573,983.0
2021-01-28 19:55:00,307324,751.0
2021-01-28 20:25:00,307912,588.0
2021-01-28 20:55:00,308475,563.0
2021-01-28 21:25:00,308848,373.0
2021-01-28 21:50:00,309028,180.0
2021-01-28 22:30:00,309217,189.0
2021-01-28 23:00:00,309346,129.0
2021-01-28 23:30:00,309462,116.0
2021-01-29 00:00:00,309541,79.0
2021-01-29 00:30:00,309574,33.0
2021-01-29 01:00:00,309592,18.0
2021-01-29 01:30:00,309610,18.0
2021-01-29 02:00:00,309615,5.0
2021-01-29 02:30:00,309629,14.0
2021-01-29 02:50:00,309643,14.0
2021-01-29 04:00:00,309649,6.0
2021-01-29 04:30:00,309659,10.0
2021-01-29 05:00:00,309664,5.0
2021-01-29 05:35:00,309684,20.0
2021-01-29 06:00:00,309695,11.0
2021-01-29 06:35:00,309769,74.0
2021-01-29 07:00:00,309887,118.0
2021-01-29 07:35:00,310621,734.0
2021-01-29 08:00:00,311687,1066.0
2021-01-29 08:35:00,313937,2250.0
2021-01-29 09:00:00,315685,1748.0
2021-01-29 09:35:00,319071,3386.0
2021-01-29 10:00:00,321723,2652.0
2021-01-29 10:35:00,324281,2558.0
2021-01-29 11:00:00,326146,1865.0
2021-01-29 11:30:00,326723,577.0
2021-01-29 12:05:00,328715,1992.0
2021-01-29 12:30:00,330672,1957.0
2021-01-29 13:05:00,332736,2064.0
2021-01-29 13:35:00,333623,887.0
2021-01-29 14:00:00,334409,786.0
2021-01-29 14:30:00,336985,2576.0
2021-01-29 15:05:00,342384,5399.0
2021-01-29 15:35:00,346703,4319.0
2021-01-29 16:00:00,350753,4050.0
2021-01-29 16:35:00,352716,1963.0
2021-01-29 17:05:00,354119,1403.0
2021-01-29 17:35:00,355065,946.0
2021-01-29 18:05:00,356186,1121.0
2021-01-29 18:35:00,357515,1329.0
2021-01-29 19:05:00,358530,1015.0
2021-01-29 19:35:00,359351,821.0
2021-01-29 20:05:00,360022,671.0
2021-01-29 20:35:00,361157,1135.0
2021-01-29 21:05:00,362145,988.0
2021-01-29 21:35:00,363402,1257.0
2021-01-29 22:05:00,364306,904.0
2021-01-29 22:35:00,365184,878.0
2021-01-29 23:05:00,365534,350.0
2021-01-29 23:35:00,365640,106.0
2021-01-30 00:05:00,365732,92.0
2021-01-30 00:35:00,365802,70.0
2021-01-30 01:05:00,365853,51.0
2021-01-30 01:35:00,365907,54.0
2021-01-30 02:05:00,365949,42.0
2021-01-30 02:35:00,365982,33.0
2021-01-30 03:00:00,366046,64.0
2021-01-30 03:30:00,366096,50.0
2021-01-30 04:05:00,366113,17.0
2021-01-30 04:35:00,366127,14.0
2021-01-30 05:05:00,366140,13.0
2021-01-30 05:35:00,366174,34.0
2021-01-30 06:10:00,366217,43.0
2021-01-30 06:35:00,366245,28.0
2021-01-30 07:05:00,366293,48.0
2021-01-30 07:35:00,366452,159.0
2021-01-30 08:05:00,366771,319.0
2021-01-30 08:35:00,367534,763.0
2021-01-30 09:05:00,368740,1206.0
2021-01-30 09:35:00,370192,1452.0
2021-01-30 10:05:00,371633,1441.0
2021-01-30 10:35:00,373227,1594.0
2021-01-30 11:05:00,374585,1358.0
2021-01-30 11:40:00,376609,2024.0
2021-01-30 12:05:00,377670,1061.0
2021-01-30 12:40:00,378768,1098.0
2021-01-30 13:05:00,379750,982.0
2021-01-30 13:40:00,380584,834.0
2021-01-30 14:05:00,381104,520.0
2021-01-30 14:40:00,382160,1056.0
2021-01-30 15:05:00,382823,663.0
2021-01-30 15:40:00,383842,1019.0
2021-01-30 16:05:00,384621,779.0
2021-01-30 16:40:00,385566,945.0
2021-01-30 17:05:00,386055,489.0
2021-01-30 17:35:00,386511,456.0
2021-01-30 18:10:00,386890,379.0
2021-01-30 18:35:00,387126,236.0
2021-01-30 19:05:00,387366,240.0
2021-01-30 19:40:00,387561,195.0
2021-01-30 20:05:00,387665,104.0
2021-01-30 20:35:00,387729,64.0
2021-01-30 21:05:00,387801,72.0
2021-01-30 21:35:00,387852,51.0
2021-01-30 22:05:00,387897,45.0
2021-01-30 22:30:00,387935,38.0
2021-01-30 23:05:00,387940,5.0
2021-01-30 23:35:00,387946,6.0
2021-01-30 23:45:00,387948,2.0
2021-01-31 07:35:00,387949,1.0
2021-01-31 08:10:00,387953,4.0
2021-01-31 08:30:00,387963,10.0
2021-01-31 09:10:00,387973,10.0
2021-01-31 09:40:00,387984,11.0
2021-01-31 10:05:00,387993,9.0
2021-01-31 10:35:00,388010,17.0
2021-01-31 11:10:00,388237,227.0
2021-01-31 11:40:00,388565,328.0
2021-01-31 12:10:00,388961,396.0
2021-01-31 12:35:00,389250,289.0
2021-01-31 13:10:00,389575,325.0
2021-01-31 13:40:00,389888,313.0
2021-01-31 14:10:00,390213,325.0
2021-01-31 14:40:00,390596,383.0
2021-01-31 15:10:00,390954,358.0
2021-01-31 15:40:00,391387,433.0
2021-01-31 16:15:00,391817,430.0
2021-01-31 16:35:00,392053,236.0
2021-01-31 17:10:00,392405,352.0
2021-01-31 17:40:00,392658,253.0
2021-01-31 18:10:00,392839,181.0
2021-01-31 18:40:00,393042,203.0
2021-01-31 19:10:00,393184,142.0
2021-01-31 19:40:00,393346,162.0
2021-01-31 20:10:00,393479,133.0
2021-01-31 20:40:00,393596,117.0
2021-01-31 21:10:00,393732,136.0
2021-01-31 21:40:00,393828,96.0
2021-01-31 22:15:00,393908,80.0
2021-01-31 22:40:00,393945,37.0
2021-01-31 23:10:00,393985,40.0
2021-01-31 23:40:00,394007,22.0
2021-02-01 00:10:00,394030,23.0
2021-02-01 00:45:00,394049,19.0
2021-02-01 01:10:00,394062,13.0
2021-02-01 01:40:00,394068,6.0
2021-02-01 02:00:00,394071,3.0
2021-02-01 02:45:00,394077,6.0
2021-02-01 02:50:00,394078,1.0
2021-02-01 03:40:00,394082,4.0
2021-02-01 04:10:00,394085,3.0
2021-02-01 04:20:00,394087,2.0
2021-02-01 05:40:00,394088,1.0
2021-02-01 06:10:00,394102,14.0
2021-02-01 06:40:00,394157,55.0
2021-02-01 07:10:00,394267,110.0
2021-02-01 07:40:00,394868,601.0
2021-02-01 08:10:00,395908,1040.0
2021-02-01 08:40:00,397450,1542.0
2021-02-01 09:10:00,399317,1867.0
2021-02-01 09:30:00,400845,1528.0
2021-02-01 10:10:00,404373,3528.0
2021-02-01 10:35:00,406991,2618.0
2021-02-01 11:40:00,413611,6620.0
2021-02-01 11:55:00,415241,1630.0
2021-02-01 12:40:00,418408,3167.0
2021-02-01 13:10:00,420182,1774.0
2021-02-01 13:45:00,422528,2346.0
2021-02-01 14:10:00,424823,2295.0
2021-02-01 14:45:00,428848,4025.0
2021-02-01 15:10:00,431889,3041.0
2021-02-01 15:40:00,435443,3554.0
2021-02-01 16:45:00,442224,6781.0
2021-02-01 17:30:00,445051,2827.0
2021-02-01 18:15:00,446994,1943.0
2021-02-01 18:45:00,447909,915.0
2021-02-01 19:15:00,448527,618.0
2021-02-01 19:45:00,448995,468.0
2021-02-01 20:15:00,449398,403.0
2021-02-01 20:36:00,449691,293.0
2021-02-01 21:10:00,450072,381.0
2021-02-01 21:45:00,450368,296.0
2021-02-01 22:10:00,450533,165.0
2021-02-02 02:10:00,451124,591.0
2021-02-02 02:45:00,451183,59.0
2021-02-02 03:10:00,451232,49.0
2021-02-02 03:50:00,451304,72.0
2021-02-02 04:10:00,451355,51.0
2021-02-02 04:45:00,451422,67.0
2021-02-02 05:10:00,451461,39.0
2021-02-02 05:45:00,451518,57.0
2021-02-02 06:10:00,451565,47.0
2021-02-02 06:30:00,451608,43.0
2021-02-02 07:00:00,451722,114.0
2021-02-02 07:20:00,451904,182.0
2021-02-02 09:10:00,457703,5799.0
2021-02-02 09:30:00,459492,1789.0
2021-02-02 10:20:00,464520,5028.0
2021-02-02 11:15:00,470196,5676.0
2021-02-02 11:45:00,473151,2955.0
2021-02-02 12:05:00,474892,1741.0
2021-02-02 12:45:00,477422,2530.0
2021-02-02 13:20:00,479655,2233.0
2021-02-02 13:45:00,481586,1931.0
2021-02-02 14:20:00,484976,3390.0
2021-02-02 14:50:00,488292,3316.0
2021-02-02 15:15:00,491142,2850.0
2021-02-02 15:50:00,495488,4346.0
2021-02-02 16:15:00,498278,2790.0
2021-02-02 16:45:00,501644,3366.0
2021-02-02 17:20:00,504261,2617.0
2021-02-02 17:45:00,505717,1456.0
2021-02-02 18:20:00,507251,1534.0
2021-02-02 18:50:00,508156,905.0
2021-02-02 19:20:00,508816,660.0
2021-02-02 19:45:00,509245,429.0
2021-02-02 20:20:00,509717,472.0
2021-02-02 20:45:00,509942,225.0
2021-02-02 21:20:00,510150,208.0
2021-02-02 21:50:00,510301,151.0
2021-02-02 22:15:00,510408,107.0
2021-02-02 22:45:00,510506,98.0
2021-02-02 23:15:00,510581,75.0
2021-02-02 23:40:00,510628,47.0
2021-02-03 00:15:00,510674,46.0
2021-02-03 00:40:00,510687,13.0
2021-02-03 01:10:00,510720,33.0
2021-02-03 01:45:00,510749,29.0
2021-02-03 02:20:00,510759,10.0
2021-02-03 02:45:00,510769,10.0
2021-02-03 03:15:00,510778,9.0
2021-02-03 03:40:00,510789,11.0
2021-02-03 04:15:00,510802,13.0
2021-02-03 04:40:00,510809,7.0
2021-02-03 05:10:00,510815,6.0
2021-02-03 05:50:00,510832,17.0
2021-02-03 06:15:00,510849,17.0
2021-02-03 06:50:00,510888,39.0
2021-02-03 07:15:00,511045,157.0
2021-02-03 07:50:00,512045,1000.0
2021-02-03 08:15:00,513172,1127.0
2021-02-03 08:45:00,515401,2229.0
2021-02-03 09:20:00,518745,3344.0
2021-02-03 09:45:00,521331,2586.0
2021-02-03 10:20:00,525216,3885.0
2021-02-03 10:45:00,528191,2975.0
2021-02-03 11:20:00,532497,4306.0
2021-02-03 11:50:00,535979,3482.0
2021-02-03 12:20:00,538643,2664.0
2021-02-03 12:45:00,540690,2047.0
2021-02-03 13:20:00,543583,2893.0
2021-02-03 13:50:00,546691,3108.0
2021-02-03 14:20:00,550181,3490.0
2021-02-03 14:45:00,553449,3268.0
2021-02-03 16:00:00,564415,10966.0
2021-02-03 16:30:00,568130,3715.0
2021-02-03 17:00:00,571273,3143.0
2021-02-03 17:30:00,573828,2555.0
2021-02-03 18:00:00,575933,2105.0
2021-02-03 18:35:00,577804,1871.0
2021-02-03 19:00:00,578991,1187.0
2021-02-03 19:30:00,579897,906.0
2021-02-03 20:05:00,580741,844.0
2021-02-03 20:30:00,581054,313.0
2021-02-03 21:00:00,581427,373.0
2021-02-03 21:30:00,581736,309.0
2021-02-03 22:00:00,581911,175.0
2021-02-03 22:30:00,582028,117.0
2021-02-03 23:00:00,582105,77.0
2021-02-03 23:35:00,582187,82.0
2021-02-04 00:05:00,582264,77.0
2021-02-04 00:35:00,582315,51.0
2021-02-04 01:00:00,582338,23.0
2021-02-04 01:35:00,582364,26.0
2021-02-04 02:00:00,582385,21.0
2021-02-04 02:35:00,582400,15.0
2021-02-04 02:40:00,582403,3.0
2021-02-04 03:35:00,582405,2.0
2021-02-04 03:45:00,582406,1.0
2021-02-04 04:15:00,582408,2.0
2021-02-04 05:35:00,582412,4.0
2021-02-04 06:05:00,582447,35.0
2021-02-04 06:35:00,582544,97.0
2021-02-04 07:05:00,582727,183.0
2021-02-04 07:35:00,583462,735.0
2021-02-04 08:05:00,584927,1465.0
2021-02-04 08:35:00,587472,2545.0
2021-02-04 09:10:00,591287,3815.0
2021-02-04 09:35:00,594417,3130.0
2021-02-04 10:10:00,599183,4766.0
2021-02-04 10:35:00,602741,3558.0
2021-02-04 11:05:00,607059,4318.0
2021-02-04 11:35:00,611238,4179.0
2021-02-04 12:10:00,615305,4067.0
2021-02-04 12:35:00,617566,2261.0
2021-02-04 13:05:00,620351,2785.0
2021-02-04 13:35:00,623639,3288.0
2021-02-04 14:05:00,627596,3957.0
2021-02-04 14:35:00,631795,4199.0
2021-02-04 15:05:00,636794,4999.0
2021-02-04 15:35:00,641852,5058.0
2021-02-04 16:10:00,647068,5216.0
2021-02-04 16:35:00,650149,3081.0
2021-02-04 17:10:00,653598,3449.0
2021-02-04 17:35:00,655369,1771.0
2021-02-04 18:05:00,657206,1837.0
2021-02-04 18:35:00,658560,1354.0
2021-02-04 19:10:00,659705,1145.0
2021-02-04 19:40:00,660541,836.0
2021-02-04 20:10:00,661241,700.0
2021-02-04 20:35:00,661773,532.0
2021-02-04 21:05:00,662338,565.0
2021-02-04 21:40:00,662833,495.0
2021-02-04 22:00:00,663026,193.0
2021-02-04 22:35:00,663276,250.0
2021-02-04 23:05:00,663397,121.0
2021-02-04 23:35:00,663484,87.0
2021-02-05 00:05:00,663560,76.0
2021-02-05 00:35:00,663587,27.0
2021-02-05 01:05:00,663611,24.0
2021-02-05 01:35:00,663631,20.0
2021-02-05 02:05:00,663655,24.0
2021-02-05 02:35:00,663673,18.0
2021-02-05 02:55:00,663679,6.0
2021-02-05 03:35:00,663682,3.0
2021-02-05 04:10:00,663692,10.0
2021-02-05 04:35:00,663700,8.0
2021-02-05 05:05:00,663723,23.0
2021-02-05 05:35:00,663743,20.0
2021-02-05 06:05:00,663764,21.0
2021-02-05 06:35:00,663823,59.0
2021-02-05 07:10:00,664018,195.0
2021-02-05 07:35:00,664654,636.0
2021-02-05 08:05:00,666212,1558.0
2021-02-05 08:40:00,669423,3211.0
2021-02-05 09:10:00,673218,3795.0
2021-02-05 09:35:00,677169,3951.0
2021-02-05 10:05:00,682320,5151.0
2021-02-05 10:35:00,687945,5625.0
2021-02-05 11:10:00,694029,6084.0
2021-02-05 11:35:00,698396,4367.0
2021-02-05 12:05:00,702815,4419.0
2021-02-05 12:40:00,706669,3854.0
2021-02-05 13:10:00,709933,3264.0
2021-02-05 13:35:00,713040,3107.0
2021-02-05 14:10:00,717864,4824.0
2021-02-05 14:40:00,722787,4923.0
2021-02-05 15:10:00,728221,5434.0
2021-02-05 15:40:00,733231,5010.0
2021-02-05 16:05:00,737451,4220.0
2021-02-05 16:40:00,742048,4597.0
2021-02-05 17:05:00,744824,2776.0
2021-02-05 17:40:00,747605,2781.0
2021-02-05 18:00:00,749188,1583.0
2021-02-05 21:10:00,749188,0.0
2021-02-05 21:40:00,749188,0.0
2021-02-05 22:10:00,749188,0.0
2021-02-05 22:40:00,749188,0.0
2021-02-05 23:10:00,749188,0.0
2021-02-05 23:40:00,749188,0.0
2021-02-06 00:05:00,749188,0.0
2021-02-06 00:40:00,749188,0.0
2021-02-06 01:10:00,749188,0.0
2021-02-06 01:40:00,749188,0.0
2021-02-06 02:05:00,749188,0.0
2021-02-06 02:40:00,749188,0.0
2021-02-06 03:10:00,749188,0.0
2021-02-06 03:40:00,749188,0.0
2021-02-06 04:10:00,749188,0.0
2021-02-06 04:40:00,749188,0.0
2021-02-06 05:05:00,749188,0.0
2021-02-06 05:40:00,749188,0.0
2021-02-06 06:05:00,749188,0.0
2021-02-06 06:40:00,749188,0.0
2021-02-06 07:15:00,749188,0.0
2021-02-06 07:40:00,749188,0.0
2021-02-06 08:15:00,749188,0.0
2021-02-06 08:40:00,749188,0.0
2021-02-06 09:15:00,751537,2349.0
2021-02-06 09:40:00,753700,2163.0
2021-02-06 10:15:00,757132,3432.0
2021-02-06 10:40:00,759539,2407.0
2021-02-06 11:15:00,762739,3200.0
2021-02-06 11:45:00,765345,2606.0
2021-02-06 12:10:00,767244,1899.0
2021-02-06 12:45:00,769308,2064.0
2021-02-06 13:15:00,771331,2023.0
2021-02-06 13:50:00,773703,2372.0
2021-02-06 14:20:00,775647,1944.0
2021-02-06 14:45:00,777305,1658.0
2021-02-06 15:20:00,779705,2400.0
2021-02-06 15:50:00,781729,2024.0
2021-02-06 16:20:00,783412,1683.0
2021-02-06 16:50:00,784897,1485.0
2021-02-06 18:45:00,787717,2820.0
2021-02-06 19:10:00,788088,371.0
2021-02-06 19:45:00,788473,385.0
2021-02-06 20:10:00,788694,221.0
2021-02-06 20:40:00,788915,221.0
2021-02-06 21:15:00,789119,204.0
2021-02-06 21:40:00,789264,145.0
2021-02-06 22:10:00,789392,128.0
2021-02-06 22:40:00,789551,159.0
2021-02-06 23:10:00,789678,127.0
2021-02-06 23:40:00,789768,90.0
2021-02-07 00:15:00,789885,117.0
2021-02-07 00:40:00,789917,32.0
2021-02-07 01:15:00,789979,62.0
2021-02-07 01:40:00,789989,10.0
2021-02-07 02:10:00,790008,19.0
2021-02-07 02:40:00,790025,17.0
2021-02-07 03:15:00,790049,24.0
2021-02-07 03:40:00,790061,12.0
2021-02-07 04:15:00,790085,24.0
2021-02-07 04:40:00,790115,30.0
2021-02-07 05:15:00,790166,51.0
2021-02-07 05:40:00,790191,25.0
2021-02-07 06:15:00,790220,29.0
2021-02-07 06:45:00,790254,34.0
2021-02-07 07:15:00,790311,57.0
2021-02-07 07:45:00,790465,154.0
2021-02-07 08:10:00,790607,142.0
2021-02-07 08:45:00,791005,398.0
2021-02-07 09:15:00,791541,536.0
2021-02-07 09:45:00,792111,570.0
2021-02-07 10:10:00,792592,481.0
2021-02-07 10:45:00,793386,794.0
2021-02-07 11:15:00,794247,861.0
2021-02-07 11:45:00,794909,662.0
2021-02-07 12:10:00,795465,556.0
2021-02-07 12:45:00,796020,555.0
2021-02-07 13:10:00,796497,477.0
2021-02-07 13:50:00,797324,827.0
2021-02-07 14:10:00,797845,521.0
2021-02-07 14:45:00,798811,966.0
2021-02-07 15:15:00,799641,830.0
2021-02-07 15:50:00,800516,875.0
2021-02-07 16:15:00,801078,562.0
2021-02-07 16:45:00,801581,503.0
2021-02-07 17:10:00,801908,327.0
2021-02-07 17:45:00,802298,390.0
2021-02-07 18:15:00,802596,298.0
2021-02-07 18:45:00,802811,215.0
2021-02-07 19:15:00,802955,144.0
2021-02-07 19:50:00,803047,92.0
2021-02-07 22:05:00,803634,587.0
2021-02-07 22:40:00,803742,108.0
2021-02-07 23:05:00,803832,90.0
2021-02-07 23:40:00,804040,208.0
2021-02-08 00:05:00,804165,125.0
2021-02-08 00:40:00,804332,167.0
2021-02-08 01:05:00,804424,92.0
2021-02-08 01:40:00,804541,117.0
2021-02-08 02:05:00,804614,73.0
2021-02-08 02:40:00,804724,110.0
2021-02-08 03:05:00,804786,62.0
2021-02-08 03:40:00,804868,82.0
2021-02-08 04:15:00,804951,83.0
2021-02-08 04:40:00,805023,72.0
2021-02-08 05:10:00,805095,72.0
2021-02-08 05:45:00,805154,59.0
2021-02-08 06:15:00,805221,67.0
2021-02-08 06:45:00,805295,74.0
2021-02-08 07:10:00,805439,144.0
2021-02-08 07:45:00,806274,835.0
2021-02-08 08:15:00,808017,1743.0
2021-02-08 08:40:00,810396,2379.0
2021-02-08 09:10:00,814101,3705.0
2021-02-08 09:40:00,819201,5100.0
2021-02-08 10:10:00,824214,5013.0
2021-02-08 10:40:00,829731,5517.0
2021-02-08 11:10:00,835916,6185.0
2021-02-08 11:40:00,841736,5820.0
2021-02-08 12:10:00,846579,4843.0
2021-02-08 12:45:00,851286,4707.0
2021-02-08 13:15:00,855129,3843.0
2021-02-08 13:45:00,859672,4543.0
2021-02-08 14:10:00,863823,4151.0
2021-02-08 14:40:00,869857,6034.0
2021-02-08 15:10:00,875679,5822.0
2021-02-08 15:45:00,882510,6831.0
2021-02-08 16:15:00,888346,5836.0
2021-02-08 16:45:00,893195,4849.0
2021-02-08 17:10:00,896254,3059.0
2021-02-08 17:45:00,899373,3119.0
2021-02-08 18:10:00,901121,1748.0
2021-02-08 18:40:00,903133,2012.0
2021-02-08 20:40:00,906044,2911.0
2021-02-08 21:05:00,906283,239.0
2021-02-08 21:35:00,906558,275.0
2021-02-08 22:05:00,906757,199.0
2021-02-08 22:40:00,906894,137.0
2021-02-08 23:05:00,907002,108.0
2021-02-08 23:40:00,907060,58.0
2021-02-09 00:05:00,907102,42.0
2021-02-09 00:35:00,907161,59.0
2021-02-09 01:05:00,907205,44.0
2021-02-09 01:40:00,907242,37.0
2021-02-09 02:10:00,907247,5.0
2021-02-09 02:35:00,907250,3.0
2021-02-09 03:05:00,907259,9.0
2021-02-09 03:40:00,907281,22.0
2021-02-09 04:05:00,907301,20.0
2021-02-09 04:40:00,907330,29.0
2021-02-09 05:10:00,907347,17.0
2021-02-09 05:35:00,907356,9.0
2021-02-09 06:05:00,907392,36.0
2021-02-09 06:35:00,907428,36.0
2021-02-09 07:05:00,907569,141.0
2021-02-09 07:40:00,908787,1218.0
2021-02-09 08:05:00,910752,1965.0
2021-02-09 08:35:00,914358,3606.0
2021-02-09 11:10:00,945011,30653.0
2021-02-09 11:35:00,950640,5629.0
2021-02-09 12:10:00,957135,6495.0
2021-02-09 12:40:00,961365,4230.0
2021-02-09 13:10:00,965253,3888.0
2021-02-09 13:40:00,969586,4333.0
2021-02-09 14:10:00,974597,5011.0
2021-02-09 14:45:00,981198,6601.0
2021-02-09 15:10:00,986417,5219.0
2021-02-09 15:40:00,992439,6022.0
2021-02-09 16:10:00,998030,5591.0
2021-02-09 16:40:00,1002992,4962.0
2021-02-09 17:10:00,1006938,3946.0
2021-02-09 17:40:00,1009759,2821.0
2021-02-09 18:10:00,1012278,2519.0
2021-02-09 18:40:00,1014515,2237.0
2021-02-09 19:15:00,1016188,1673.0
2021-02-09 19:40:00,1017005,817.0
2021-02-09 20:05:00,1017644,639.0
2021-02-09 20:40:00,1018313,669.0
2021-02-09 21:10:00,1018711,398.0
2021-02-09 21:45:00,1018991,280.0
2021-02-09 22:10:00,1019074,83.0
2021-02-09 22:45:00,1019176,102.0
2021-02-09 23:10:00,1019271,95.0
2021-02-09 23:45:00,1019353,82.0
2021-02-10 00:10:00,1019411,58.0
2021-02-10 00:45:00,1019445,34.0
2021-02-10 01:10:00,1019466,21.0
2021-02-10 01:40:00,1019479,13.0
2021-02-10 02:10:00,1019491,12.0
2021-02-10 02:40:00,1019496,5.0
2021-02-10 03:10:00,1019504,8.0
2021-02-10 03:40:00,1019511,7.0
2021-02-10 04:10:00,1019512,1.0
2021-02-10 04:40:00,1019512,0.0
2021-02-10 05:10:00,1019512,0.0
2021-02-10 05:45:00,1019519,7.0
2021-02-10 06:15:00,1019531,12.0
2021-02-10 06:40:00,1019554,23.0
2021-02-10 07:15:00,1019652,98.0
2021-02-10 07:45:00,1020446,794.0
2021-02-10 08:15:00,1021997,1551.0
2021-02-10 08:40:00,1023951,1954.0
2021-02-10 09:15:00,1028016,4065.0
2021-02-10 09:45:00,1032387,4371.0
2021-02-10 10:15:00,1037180,4793.0
2021-02-10 10:50:00,1043071,5891.0
2021-02-10 11:15:00,1046966,3895.0
2021-02-10 11:45:00,1051373,4407.0
2021-02-10 12:15:00,1054937,3564.0
2021-02-10 12:45:00,1057756,2819.0
2021-02-10 13:15:00,1060383,2627.0
2021-02-10 13:50:00,1064724,4341.0
2021-02-10 14:20:00,1068796,4072.0
2021-02-10 14:45:00,1072907,4111.0
2021-02-10 15:15:00,1078699,5792.0
2021-02-10 15:45:00,1083989,5290.0
2021-02-10 16:15:00,1088716,4727.0
2021-02-10 16:50:00,1093888,5172.0
2021-02-10 17:15:00,1096296,2408.0
2021-02-10 17:50:00,1098835,2539.0
2021-02-10 18:15:00,1100585,1750.0
2021-02-10 18:50:00,1102489,1904.0
2021-02-10 19:15:00,1103406,917.0
2021-02-10 19:50:00,1104228,822.0
2021-02-10 20:15:00,1104666,438.0
2021-02-10 20:50:00,1105044,378.0
2021-02-10 21:20:00,1105315,271.0
2021-02-10 21:50:00,1105461,146.0
2021-02-10 22:15:00,1105568,107.0
2021-02-10 22:45:00,1105621,53.0
2021-02-10 23:15:00,1105667,46.0
2021-02-10 23:50:00,1105694,27.0
2021-02-11 00:20:00,1105715,21.0
2021-02-11 00:50:00,1105738,23.0
2021-02-11 01:20:00,1105744,6.0
2021-02-11 01:45:00,1105746,2.0
2021-02-11 02:20:00,1105751,5.0
2021-02-11 02:50:00,1105755,4.0
2021-02-11 03:15:00,1105755,0.0
2021-02-11 03:45:00,1105758,3.0
2021-02-11 04:15:00,1105760,2.0
2021-02-11 04:50:00,1105760,0.0
2021-02-11 05:15:00,1105762,2.0
2021-02-11 05:50:00,1105763,1.0
2021-02-11 06:15:00,1105783,20.0
2021-02-11 06:50:00,1105824,41.0
2021-02-11 07:15:00,1106080,256.0
2021-02-11 07:45:00,1107296,1216.0
2021-02-11 08:15:00,1109787,2491.0
2021-02-11 08:45:00,1114209,4422.0
2021-02-11 09:15:00,1120004,5795.0
2021-02-11 09:50:00,1127455,7451.0
2021-02-11 10:20:00,1134721,7266.0
2021-02-11 10:45:00,1141602,6881.0
2021-02-11 11:15:00,1149485,7883.0
2021-02-11 11:50:00,1157048,7563.0
2021-02-11 12:20:00,1162267,5219.0
2021-02-11 12:50:00,1166582,4315.0
2021-02-11 13:15:00,1170049,3467.0
2021-02-11 13:50:00,1176286,6237.0
2021-02-11 14:15:00,1181120,4834.0
2021-02-11 14:50:00,1188324,7204.0
2021-02-11 15:15:00,1194375,6051.0
2021-02-11 15:50:00,1202908,8533.0
2021-02-11 16:16:00,1208983,6075.0
2021-02-11 16:50:00,1214922,5939.0
2021-02-11 17:20:00,1218556,3634.0
2021-02-11 17:45:00,1221113,2557.0
2021-02-11 18:20:00,1224463,3350.0
2021-02-11 18:50:00,1227152,2689.0
2021-02-11 19:20:00,1229081,1929.0
2021-02-11 19:45:00,1230336,1255.0
2021-02-11 20:20:00,1231521,1185.0
2021-02-11 20:45:00,1232082,561.0
2021-02-11 21:25:00,1232703,621.0
2021-02-11 21:50:00,1232901,198.0
2021-02-11 22:25:00,1232995,94.0
2021-02-11 22:50:00,1233045,50.0
2021-02-11 23:20:00,1233091,46.0
2021-02-11 23:45:00,1233120,29.0
2021-02-12 00:25:00,1233144,24.0
2021-02-12 00:50:00,1233163,19.0
2021-02-12 01:20:00,1233168,5.0
2021-02-12 01:50:00,1233182,14.0
2021-02-12 10:45:00,1279816,46634.0
2021-02-12 11:20:00,1290138,10322.0
2021-02-12 11:45:00,1297371,7233.0
2021-02-12 12:20:00,1305311,7940.0
2021-02-12 13:30:00,1318179,12868.0
2021-02-12 14:00:00,1325346,7167.0
2021-02-12 14:30:00,1333162,7816.0
2021-02-12 15:05:00,1342657,9495.0
2021-02-12 15:35:00,1350840,8183.0
2021-02-12 16:00:00,1358787,7947.0
2021-02-12 16:35:00,1366674,7887.0
2021-02-12 17:00:00,1371981,5307.0
2021-02-12 17:35:00,1376796,4815.0
2021-02-12 18:00:00,1380132,3336.0
2021-02-12 18:35:00,1384298,4166.0
2021-02-12 19:00:00,1386961,2663.0
2021-02-12 19:30:00,1388823,1862.0
2021-02-12 20:00:00,1390119,1296.0
2021-02-12 20:35:00,1390923,804.0
2021-02-12 21:00:00,1391299,376.0
2021-02-12 21:35:00,1391611,312.0
2021-02-12 22:00:00,1391754,143.0
2021-02-12 22:35:00,1391861,107.0
2021-02-12 23:00:00,1391952,91.0
2021-02-12 23:30:00,1392024,72.0
2021-02-13 00:00:00,1392090,66.0
2021-02-13 00:35:00,1392132,42.0
2021-02-13 01:00:00,1392161,29.0
2021-02-13 01:30:00,1392195,34.0
2021-02-13 02:00:00,1392208,13.0
2021-02-13 02:30:00,1392220,12.0
2021-02-13 03:00:00,1392230,10.0
2021-02-13 03:30:00,1392241,11.0
2021-02-13 04:00:00,1392246,5.0
2021-02-13 04:35:00,1392249,3.0
2021-02-13 05:00:00,1392249,0.0
2021-02-13 05:30:00,1392253,4.0
2021-02-13 06:00:00,1392275,22.0
2021-02-13 06:30:00,1392352,77.0
2021-02-13 07:00:00,1392457,105.0
2021-02-13 07:35:00,1392767,310.0
2021-02-13 08:05:00,1393412,645.0
2021-02-13 12:50:00,1418452,25040.0
2021-02-13 13:20:00,1419991,1539.0
2021-02-13 13:50:00,1421658,1667.0
2021-02-13 14:20:00,1423392,1734.0
2021-02-13 14:55:00,1425395,2003.0
2021-02-13 15:20:00,1426710,1315.0
2021-02-13 15:55:00,1428596,1886.0
2021-02-13 16:20:00,1429713,1117.0
2021-02-13 16:50:00,1431054,1341.0
2021-02-13 17:20:00,1432021,967.0
2021-02-13 17:55:00,1432779,758.0
2021-02-13 18:20:00,1433188,409.0
2021-02-14 10:40:00,1440656,7468.0
2021-02-14 11:15:00,1441726,1070.0
2021-02-14 11:40:00,1442489,763.0
2021-02-14 12:10:00,1443300,811.0
2021-02-14 12:40:00,1443975,675.0
2021-02-14 13:10:00,1444502,527.0
2021-02-14 13:40:00,1445196,694.0
2021-02-14 14:10:00,1445880,684.0
2021-02-14 14:40:00,1446586,706.0
2021-02-14 15:05:00,1447104,518.0
2021-02-14 15:40:00,1447953,849.0
2021-02-14 16:10:00,1448587,634.0
2021-02-14 16:40:00,1449176,589.0
2021-02-14 17:10:00,1449786,610.0
2021-02-14 17:40:00,1450215,429.0
2021-02-14 18:15:00,1450555,340.0
2021-02-14 18:45:00,1450768,213.0
2021-02-14 19:15:00,1450902,134.0
2021-02-14 19:40:00,1450980,78.0
2021-02-14 20:15:00,1451138,158.0
2021-02-14 20:45:00,1451251,113.0
2021-02-14 21:15:00,1451351,100.0
2021-02-14 21:50:00,1451394,43.0
2021-02-14 22:15:00,1451444,50.0
2021-02-14 22:50:00,1451483,39.0
2021-02-14 23:15:00,1451517,34.0
2021-02-14 23:50:00,1451564,47.0
2021-02-15 00:15:00,1451587,23.0
2021-02-15 00:50:00,1451617,30.0
2021-02-15 01:15:00,1451637,20.0
2021-02-15 01:50:00,1451652,15.0
2021-02-15 02:15:00,1451652,0.0
2021-02-15 02:45:00,1451665,13.0
2021-02-15 03:15:00,1451671,6.0
2021-02-15 03:50:00,1451672,1.0
2021-02-15 04:20:00,1451677,5.0
2021-02-15 04:50:00,1451688,11.0
2021-02-15 05:15:00,1451693,5.0
2021-02-15 05:45:00,1451715,22.0
2021-02-15 06:15:00,1451728,13.0
2021-02-15 06:45:00,1451809,81.0
2021-02-15 07:15:00,1452209,400.0
2021-02-15 07:45:00,1454218,2009.0
2021-02-15 08:20:00,1458165,3947.0
2021-02-15 08:50:00,1462853,4688.0
2021-02-15 09:15:00,1468126,5273.0
2021-02-15 09:50:00,1475812,7686.0
2021-02-15 10:15:00,1481558,5746.0
2021-02-15 10:45:00,1489363,7805.0
2021-02-15 11:15:00,1496910,7547.0
2021-02-15 11:50:00,1504450,7540.0
2021-02-15 12:15:00,1508519,4069.0
2021-02-15 12:50:00,1513508,4989.0
2021-02-15 13:15:00,1517047,3539.0
2021-02-15 13:40:00,1520892,3845.0
2021-02-15 14:10:00,1526185,5293.0
2021-02-15 14:45:00,1533226,7041.0
2021-02-15 15:15:00,1539730,6504.0
2021-02-15 15:45:00,1545950,6220.0
2021-02-15 16:15:00,1551393,5443.0
2021-02-15 16:45:00,1556199,4806.0
2021-02-15 17:10:00,1559277,3078.0
2021-02-15 17:45:00,1562389,3112.0
2021-02-15 18:15:00,1564653,2264.0
2021-02-15 18:45:00,1566772,2119.0
2021-02-15 19:15:00,1568371,1599.0
2021-02-15 19:45:00,1569543,1172.0
2021-02-15 20:20:00,1570425,882.0
2021-02-15 20:45:00,1570952,527.0
2021-02-15 21:10:00,1571291,339.0
2021-02-15 21:45:00,1571564,273.0
2021-02-16 10:55:00,1610864,39300.0
2021-02-16 11:25:00,1617269,6405.0
2021-02-16 11:55:00,1622853,5584.0
2021-02-16 12:25:00,1627088,4235.0
2021-02-16 12:55:00,1630775,3687.0
2021-02-16 13:30:00,1635541,4766.0
2021-02-16 13:55:00,1639620,4079.0
2021-02-16 14:30:00,1645757,6137.0
2021-02-16 15:00:00,1651263,5506.0
2021-02-16 15:35:00,1657348,6085.0
2021-02-16 16:00:00,1661453,4105.0
2021-02-16 16:30:00,1665624,4171.0
2021-02-16 17:00:00,1669109,3485.0
2021-02-16 17:35:00,1671936,2827.0
2021-02-16 18:00:00,1673892,1956.0
2021-02-16 18:35:00,1676352,2460.0
2021-02-16 18:50:00,1677403,1051.0
2021-02-16 19:33:00,1679335,1932.0
2021-02-16 20:00:00,1680302,967.0
2021-02-16 20:30:00,1680917,615.0
2021-02-16 21:05:00,1681458,541.0
2021-02-16 21:30:00,1681715,257.0
2021-02-16 21:55:00,1681889,174.0
2021-02-16 22:35:00,1682137,248.0
2021-02-16 23:05:00,1682262,125.0
2021-02-16 23:30:00,1682339,77.0
2021-02-17 00:00:00,1682393,54.0
2021-02-17 00:35:00,1682438,45.0
2021-02-17 01:00:00,1682457,19.0
2021-02-17 01:30:00,1682493,36.0
2021-02-17 02:00:00,1682535,42.0
2021-02-17 02:30:00,1682579,44.0
2021-02-17 03:05:00,1682584,5.0
2021-02-17 03:35:00,1682585,1.0
2021-02-17 04:05:00,1682596,11.0
2021-02-17 04:30:00,1682596,0.0
2021-02-17 05:05:00,1682610,14.0
2021-02-17 05:35:00,1682617,7.0
2021-02-17 06:05:00,1682622,5.0
2021-02-17 06:35:00,1682755,133.0
2021-02-17 07:05:00,1683015,260.0
2021-02-17 07:35:00,1684474,1459.0
2021-02-17 08:05:00,1686990,2516.0
2021-02-17 08:35:00,1690482,3492.0
2021-02-17 09:05:00,1695215,4733.0
2021-02-17 09:35:00,1700920,5705.0
2021-02-17 10:10:00,1707970,7050.0
2021-02-17 10:35:00,1713393,5423.0
2021-02-17 11:05:00,1719303,5910.0
2021-02-17 11:35:00,1724888,5585.0
2021-02-17 12:10:00,1730470,5582.0
2021-02-17 12:35:00,1733327,2857.0
2021-02-17 13:10:00,1737623,4296.0
2021-02-17 13:35:00,1741163,3540.0
2021-02-17 14:05:00,1746189,5026.0
2021-02-17 14:30:00,1750306,4117.0
2021-02-17 15:10:00,1758005,7699.0
2021-02-17 15:40:00,1763540,5535.0
2021-02-17 16:05:00,1767841,4301.0
2021-02-17 16:40:00,1772816,4975.0
2021-02-17 17:10:00,1775861,3045.0
2021-02-17 17:40:00,1778124,2263.0
2021-02-17 18:10:00,1780240,2116.0
2021-02-17 18:40:00,1782305,2065.0
2021-02-17 19:05:00,1783793,1488.0
2021-02-17 19:40:00,1784893,1100.0
2021-02-17 20:05:00,1785431,538.0
2021-02-17 20:40:00,1786000,569.0
2021-02-17 21:10:00,1786365,365.0
2021-02-17 21:40:00,1786555,190.0
2021-02-17 22:10:00,1786704,149.0
2021-02-17 22:40:00,1786837,133.0
2021-02-17 23:15:00,1786966,129.0
2021-02-17 23:45:00,1787040,74.0
2021-02-18 00:15:00,1787072,32.0
2021-02-18 00:40:00,1787078,6.0
2021-02-18 01:15:00,1787089,11.0
2021-02-18 01:45:00,1787093,4.0
2021-02-18 02:10:00,1787101,8.0
2021-02-18 02:40:00,1787109,8.0
2021-02-18 03:15:00,1787118,9.0
2021-02-18 03:40:00,1787119,1.0
2021-02-18 04:15:00,1787134,15.0
2021-02-18 04:40:00,1787139,5.0
2021-02-18 05:15:00,1787144,5.0
2021-02-18 05:40:00,1787148,4.0
2021-02-18 06:15:00,1787165,17.0
2021-02-18 06:40:00,1787294,129.0
2021-02-18 07:15:00,1787881,587.0
2021-02-18 07:40:00,1789247,1366.0
2021-02-18 08:10:00,1791655,2408.0
2021-02-18 08:40:00,1795285,3630.0
2021-02-18 09:10:00,1799839,4554.0
2021-02-18 09:45:00,1805807,5968.0
2021-02-18 10:10:00,1809866,4059.0
2021-02-18 10:35:00,1814811,4945.0
2021-02-18 11:10:00,1821858,7047.0
2021-02-18 11:45:00,1827949,6091.0
2021-02-18 12:15:00,1832111,4162.0
2021-02-18 12:35:00,1834304,2193.0
2021-02-18 13:05:00,1837721,3417.0
2021-02-18 13:40:00,1842428,4707.0
2021-02-18 14:05:00,1846153,3725.0
2021-02-18 14:40:00,1852953,6800.0
2021-02-18 15:05:00,1857540,4587.0
2021-02-18 15:35:00,1862965,5425.0
2021-02-18 16:10:00,1868464,5499.0
2021-02-18 16:40:00,1873031,4567.0
2021-02-18 17:10:00,1876548,3517.0
2021-02-18 17:40:00,1879265,2717.0
2021-02-18 18:10:00,1881667,2402.0
2021-02-18 18:40:00,1883880,2213.0
2021-02-18 19:10:00,1885528,1648.0
2021-02-18 19:40:00,1886569,1041.0
2021-02-18 20:10:00,1887394,825.0
2021-02-18 20:40:00,1887960,566.0
2021-02-18 23:35:00,1888866,906.0
2021-02-19 00:05:00,1888893,27.0
2021-02-19 00:40:00,1888928,35.0
2021-02-19 01:10:00,1888964,36.0
2021-02-19 01:40:00,1888985,21.0
2021-02-19 02:10:00,1888992,7.0
2021-02-19 02:40:00,1888994,2.0
2021-02-19 03:05:00,1888994,0.0
2021-02-19 03:40:00,1888994,0.0
2021-02-19 04:05:00,1888994,0.0
2021-02-19 04:35:00,1888994,0.0
2021-02-19 05:05:00,1888994,0.0
2021-02-19 05:40:00,1889000,6.0
2021-02-19 06:05:00,1889022,22.0
2021-02-19 06:40:00,1889166,144.0
2021-02-19 07:05:00,1889366,200.0
2021-02-19 07:40:00,1890699,1333.0
2021-02-19 08:05:00,1892400,1701.0
2021-02-19 08:40:00,1895888,3488.0
2021-02-19 09:05:00,1899025,3137.0
2021-02-19 09:35:00,1903410,4385.0
2021-02-19 10:05:00,1907834,4424.0
2021-02-19 10:40:00,1913652,5818.0
2021-02-19 11:05:00,1917772,4120.0
2021-02-19 11:35:00,1922540,4768.0
2021-02-19 12:10:00,1926853,4313.0
2021-02-19 12:40:00,1929797,2944.0
2021-02-19 13:10:00,1932506,2709.0
2021-02-19 13:40:00,1935613,3107.0
2021-02-19 14:10:00,1939573,3960.0
2021-02-19 14:45:00,1944672,5099.0
2021-02-19 15:10:00,1948322,3650.0
2021-02-19 15:35:00,1951747,3425.0
2021-02-19 16:10:00,1956365,4618.0
2021-02-19 16:40:00,1959878,3513.0
2021-02-19 17:15:00,1963026,3148.0
2021-02-19 17:40:00,1964733,1707.0
2021-02-19 18:10:00,1966512,1779.0
2021-02-19 18:40:00,1968126,1614.0
2021-02-19 19:10:00,1969438,1312.0
2021-02-19 19:40:00,1970065,627.0
2021-02-19 20:10:00,1970465,400.0
2021-02-19 20:40:00,1970777,312.0
2021-02-19 21:10:00,1971000,223.0
2021-02-19 21:40:00,1971184,184.0
2021-02-19 22:10:00,1971322,138.0
2021-02-19 22:40:00,1971425,103.0
2021-02-19 23:15:00,1971543,118.0
2021-02-19 23:45:00,1971653,110.0
2021-02-20 00:15:00,1971773,120.0
2021-02-20 00:40:00,1971846,73.0
2021-02-20 01:10:00,1971951,105.0
2021-02-20 01:40:00,1972094,143.0
2021-02-20 02:10:00,1972236,142.0
2021-02-20 02:35:00,1972299,63.0
2021-02-20 03:15:00,1972407,108.0
2021-02-20 03:40:00,1972431,24.0
2021-02-20 04:10:00,1972459,28.0
2021-02-20 04:40:00,1972487,28.0
2021-02-20 05:15:00,1972501,14.0
2021-02-20 05:40:00,1972501,0.0
2021-02-20 06:15:00,1972506,5.0
2021-02-20 06:40:00,1972530,24.0
2021-02-20 07:05:00,1972576,46.0
2021-02-20 07:35:00,1972732,156.0
2021-02-20 08:05:00,1972992,260.0
2021-02-20 08:40:00,1973907,915.0
2021-02-20 09:05:00,1975086,1179.0
2021-02-20 09:35:00,1976544,1458.0
2021-02-20 10:05:00,1978080,1536.0
2021-02-20 10:40:00,1979847,1767.0
2021-02-20 11:10:00,1981361,1514.0
2021-02-20 11:40:00,1982706,1345.0
2021-02-20 12:15:00,1983821,1115.0
2021-02-20 12:45:00,1984488,667.0
2021-02-20 13:10:00,1985018,530.0
2021-02-20 13:35:00,1985642,624.0
2021-02-20 14:10:00,1986750,1108.0
2021-02-20 14:40:00,1987673,923.0
2021-02-20 15:10:00,1988723,1050.0
2021-02-20 15:40:00,1989589,866.0
2021-02-21 22:20:00,2001237,11648.0
2021-02-21 22:55:00,2001377,140.0
2021-02-21 23:20:00,2001461,84.0
2021-02-21 23:55:00,2001567,106.0
2021-02-22 00:20:00,2001635,68.0
2021-02-22 00:55:00,2001755,120.0
2021-02-22 01:20:00,2001797,42.0
2021-02-22 01:55:00,2001803,6.0
2021-02-22 02:20:00,2001821,18.0
2021-02-22 02:55:00,2001875,54.0
2021-02-22 03:20:00,2001917,42.0
2021-02-22 03:55:00,2001972,55.0
2021-02-22 04:20:00,2002010,38.0
2021-02-22 04:55:00,2002064,54.0
2021-02-22 05:20:00,2002103,39.0
2021-02-22 05:55:00,2002151,48.0
2021-02-22 06:20:00,2002209,58.0
2021-02-22 06:55:00,2002359,150.0
2021-02-22 07:20:00,2002660,301.0
2021-02-22 07:55:00,2003950,1290.0
2021-02-22 08:20:00,2005518,1568.0
2021-02-22 09:00:00,2009002,3484.0
2021-02-22 09:35:00,2012542,3540.0
2021-02-22 10:05:00,2015846,3304.0
2021-02-22 10:25:00,2018091,2245.0
2021-02-22 11:35:00,2026413,8322.0
2021-02-22 12:05:00,2029752,3339.0
2021-02-22 12:35:00,2032099,2347.0
2021-02-22 13:05:00,2034286,2187.0
2021-02-22 13:35:00,2036536,2250.0
2021-02-22 14:10:00,2040088,3552.0
2021-02-22 14:35:00,2042916,2828.0
2021-02-22 15:00:00,2045848,2932.0
2021-02-22 15:25:00,2048925,3077.0
2021-02-22 16:00:00,2052943,4018.0
2021-02-22 16:35:00,2056413,3470.0
2021-02-22 17:00:00,2058377,1964.0
2021-02-22 17:30:00,2059999,1622.0
2021-02-22 18:00:00,2061681,1682.0
2021-02-22 18:35:00,2063554,1873.0
2021-02-23 16:55:00,2119503,55949.0
2021-02-23 17:35:00,2121357,1854.0
2021-02-23 18:05:00,2122641,1284.0
2021-02-23 18:30:00,2123560,919.0
2021-02-23 19:05:00,2124850,1290.0
2021-02-23 19:35:00,2125531,681.0
2021-02-23 20:00:00,2126019,488.0
2021-02-23 20:35:00,2126579,560.0
2021-02-23 21:05:00,2127036,457.0
2021-02-23 21:30:00,2127405,369.0
2021-02-23 22:05:00,2127814,409.0
2021-02-23 22:35:00,2128157,343.0
2021-02-23 23:05:00,2128440,283.0
2021-02-23 23:30:00,2128666,226.0
2021-02-24 00:05:00,2128945,279.0
2021-02-24 00:30:00,2129071,126.0
2021-02-24 01:05:00,2129190,119.0
2021-02-24 01:30:00,2129281,91.0
2021-02-24 02:05:00,2129394,113.0
2021-02-24 02:40:00,2129500,106.0
2021-02-24 03:05:00,2129546,46.0
2021-02-24 03:40:00,2129608,62.0
2021-02-24 04:05:00,2129654,46.0
2021-02-24 04:40:00,2129734,80.0
2021-02-24 05:05:00,2129771,37.0
2021-02-24 05:40:00,2129777,6.0
2021-02-24 06:05:00,2129777,0.0
2021-02-24 06:35:00,2129841,64.0
2021-02-24 07:05:00,2129997,156.0
2021-02-24 07:30:00,2130529,532.0
2021-02-24 08:05:00,2132113,1584.0
2021-02-24 08:35:00,2134014,1901.0
2021-02-24 09:00:00,2136189,2175.0
2021-02-24 09:40:00,2139518,3329.0
2021-02-24 10:10:00,2142110,2592.0
2021-02-24 10:25:00,2143544,1434.0
2021-02-24 11:05:00,2147379,3835.0
2021-02-24 11:35:00,2149783,2404.0
2021-02-24 12:10:00,2152447,2664.0
2021-02-24 12:30:00,2153589,1142.0
2021-02-24 13:05:00,2155464,1875.0
2021-02-24 13:40:00,2157578,2114.0
2021-02-24 14:10:00,2159880,2302.0
2021-02-24 14:40:00,2162388,2508.0
2021-02-24 15:05:00,2164567,2179.0
2021-02-24 15:35:00,2166967,2400.0
2021-02-24 16:05:00,2169336,2369.0
2021-02-24 16:35:00,2171062,1726.0
2021-02-24 17:10:00,2172575,1513.0
2021-02-24 17:40:00,2173640,1065.0
2021-02-24 18:10:00,2174616,976.0
2021-02-24 18:40:00,2175451,835.0
2021-02-24 19:10:00,2175975,524.0
2021-02-24 19:40:00,2176322,347.0
2021-02-24 20:10:00,2176521,199.0
2021-02-24 20:40:00,2176694,173.0
2021-02-24 21:10:00,2176778,84.0
2021-02-24 21:40:00,2176835,57.0
2021-02-24 22:10:00,2176912,77.0
2021-02-24 22:40:00,2176981,69.0
2021-02-24 23:15:00,2177070,89.0
2021-02-24 23:40:00,2177149,79.0
2021-02-25 00:15:00,2177213,64.0
2021-02-25 00:40:00,2177257,44.0
2021-02-25 01:15:00,2177316,59.0
2021-02-25 01:40:00,2177358,42.0
2021-02-25 02:15:00,2177426,68.0
2021-02-25 02:40:00,2177461,35.0
2021-02-25 03:15:00,2177488,27.0
2021-02-25 03:40:00,2177498,10.0
2021-02-25 04:15:00,2177519,21.0
2021-02-25 04:40:00,2177519,0.0
2021-02-25 05:15:00,2177519,0.0
2021-02-25 05:40:00,2177521,2.0
2021-02-25 06:15:00,2177543,22.0
2021-02-25 06:40:00,2177563,20.0
2021-02-25 07:15:00,2177852,289.0
2021-02-25 07:40:00,2178523,671.0
2021-02-25 08:15:00,2180010,1487.0
2021-02-25 08:45:00,2182071,2061.0
2021-02-25 09:15:00,2184627,2556.0
2021-02-25 09:40:00,2186496,1869.0
2021-02-25 10:15:00,2189328,2832.0
2021-02-25 10:40:00,2191573,2245.0
2021-02-25 11:15:00,2194643,3070.0
2021-02-25 11:40:00,2196755,2112.0
2021-02-25 12:10:00,2198658,1903.0
2021-02-25 12:30:00,2199770,1112.0
2021-02-25 13:10:00,2201672,1902.0
2021-02-25 13:40:00,2203477,1805.0
2021-02-25 14:15:00,2206084,2607.0
2021-02-25 14:45:00,2208599,2515.0
2021-02-25 15:15:00,2211071,2472.0
2021-02-25 15:45:00,2213147,2076.0
2021-02-25 16:20:00,2215229,2082.0
2021-02-25 16:50:00,2216627,1398.0
2021-02-25 17:20:00,2217502,875.0
2021-02-25 17:45:00,2218332,830.0
2021-02-25 18:20:00,2219222,890.0
2021-02-25 18:45:00,2219798,576.0
2021-02-25 19:20:00,2220307,509.0
2021-02-25 19:40:00,2220496,189.0
2021-02-25 20:25:00,2220775,279.0
2021-02-25 20:50:00,2220901,126.0
2021-02-25 21:25:00,2221081,180.0
2021-02-25 21:50:00,2221176,95.0
2021-02-25 22:25:00,2221366,190.0
2021-02-25 22:55:00,2221433,67.0
2021-02-25 23:20:00,2221446,13.0
2021-02-25 23:50:00,2221458,12.0
2021-02-26 00:20:00,2221464,6.0
2021-02-26 00:50:00,2221468,4.0
2021-02-26 01:20:00,2221492,24.0
2021-02-26 01:50:00,2221574,82.0
2021-02-26 02:25:00,2221619,45.0
2021-02-26 02:50:00,2221636,17.0
2021-02-26 03:20:00,2221659,23.0
2021-02-26 03:50:00,2221666,7.0
2021-02-26 04:20:00,2221669,3.0
2021-02-26 04:50:00,2221669,0.0
2021-02-26 05:20:00,2221669,0.0
2021-02-26 05:50:00,2221675,6.0
2021-02-26 06:20:00,2221693,18.0
2021-02-26 06:50:00,2221774,81.0
2021-02-26 07:20:00,2222003,229.0
2021-02-26 07:50:00,2222847,844.0
2021-02-26 08:25:00,2224364,1517.0
2021-02-26 08:50:00,2226049,1685.0
2021-02-26 09:20:00,2228362,2313.0
2021-02-26 09:50:00,2230938,2576.0
2021-02-26 10:20:00,2233414,2476.0
2021-02-26 10:50:00,2236107,2693.0
2021-02-26 11:20:00,2239038,2931.0
2021-02-26 11:50:00,2241805,2767.0
2021-02-26 12:20:00,2244119,2314.0
2021-02-26 12:55:00,2246560,2441.0
2021-02-26 13:25:00,2248562,2002.0
2021-02-26 13:55:00,2251068,2506.0
2021-02-26 14:25:00,2253874,2806.0
2021-02-26 14:55:00,2257099,3225.0
2021-02-26 15:25:00,2260133,3034.0
2021-02-26 16:00:00,2263746,3613.0
2021-02-26 16:25:00,2265773,2027.0
2021-02-26 16:55:00,2267897,2124.0
2021-02-26 17:25:00,2269429,1532.0
2021-02-26 18:00:00,2271075,1646.0
2021-02-26 18:25:00,2272144,1069.0
2021-02-26 18:55:00,2273353,1209.0
2021-02-26 19:25:00,2273881,528.0
2021-02-26 20:00:00,2274255,374.0
2021-02-26 20:25:00,2274412,157.0
2021-02-26 21:00:00,2274548,136.0
2021-02-26 21:25:00,2274629,81.0
2021-02-26 21:55:00,2274696,67.0
2021-02-26 22:25:00,2274877,181.0
2021-02-26 22:50:00,2274955,78.0
2021-02-26 23:30:00,2275084,129.0
2021-02-26 23:55:00,2275183,99.0
2021-02-27 00:30:00,2275290,107.0
2021-02-27 01:00:00,2275446,156.0
2021-02-27 01:25:00,2275482,36.0
2021-02-27 01:55:00,2275495,13.0
2021-02-27 02:30:00,2275500,5.0
2021-02-27 02:55:00,2275500,0.0
2021-02-27 03:30:00,2275506,6.0
2021-02-27 04:00:00,2275511,5.0
2021-02-27 15:15:00,2317436,41925.0
2021-02-27 15:40:00,2319619,2183.0
2021-02-27 16:15:00,2322286,2667.0
2021-02-27 16:40:00,2323960,1674.0
2021-02-27 17:15:00,2325825,1865.0
2021-02-27 17:45:00,2327114,1289.0
2021-02-27 18:10:00,2328251,1137.0
2021-02-27 18:45:00,2329551,1300.0
2021-02-27 19:10:00,2330140,589.0
2021-02-27 19:40:00,2330413,273.0
2021-02-27 20:15:00,2330602,189.0
2021-02-27 20:45:00,2330699,97.0
2021-02-27 21:15:00,2330838,139.0
2021-02-27 21:40:00,2331033,195.0
2021-02-27 21:45:00,2331082,49.0
2021-02-27 22:24:00,2331549,467.0
2021-02-27 23:35:00,2332356,807.0
2021-02-28 10:37:00,2337094,4738.0
2021-02-28 11:12:00,2338350,1256.0
2021-02-28 11:50:00,2339772,1422.0
2021-02-28 12:15:00,2340458,686.0
2021-02-28 12:50:00,2341331,873.0
2021-02-28 13:25:00,2342107,776.0
2021-02-28 13:50:00,2342759,652.0
2021-02-28 14:25:00,2343933,1174.0
2021-02-28 14:50:00,2344737,804.0
2021-02-28 15:20:00,2345539,802.0
2021-02-28 15:50:00,2346183,644.0
2021-02-28 16:25:00,2346764,581.0
2021-02-28 16:55:00,2347235,471.0
2021-02-28 17:20:00,2347535,300.0
2021-02-28 17:55:00,2347892,357.0
2021-02-28 18:25:00,2348087,195.0
2021-03-01 15:05:00,2443865,95778.0
2021-03-01 15:35:00,2451967,8102.0
2021-03-01 16:05:00,2460138,8171.0
2021-03-01 16:35:00,2466776,6638.0
2021-03-01 17:05:00,2472515,5739.0
2021-03-01 17:35:00,2476445,3930.0
2021-03-01 18:05:00,2479917,3472.0
2021-03-03 12:15:00,2718843,238926.0
2021-03-03 12:45:00,2727171,8328.0
2021-03-03 13:15:00,2735004,7833.0
2021-03-03 13:40:00,2742644,7640.0
2021-03-03 14:15:00,2753140,10496.0
2021-03-03 14:45:00,2762463,9323.0
2021-03-03 15:15:00,2776773,14310.0
2021-03-03 15:40:00,2787750,10977.0
2021-03-03 16:15:00,2798947,11197.0
2021-03-03 16:50:00,2811626,12679.0
2021-03-03 17:15:00,2816309,4683.0
